✅ Using GCC-11 for optimal compatibility
+ LCOV_ARG=
+ HARDENING_ARG=--enable-hardening
+ TEST_ARG=
+ '[' x = x--enable-lcov ']'
+ '[' x = x--disable-tests ']'
+ MINING_ARG=
+ '[' x = x--disable-mining ']'
+ PROTON_ARG=--enable-proton=no
+ '[' x = x--enable-proton ']'
+ eval make --version
++ make --version
GNU Make 4.3
Built for x86_64-pc-linux-gnu
Copyright (C) 1988-2020 Free Software Foundation, Inc.
License GPLv3+: GNU GPL version 3 or later <http://gnu.org/licenses/gpl.html>
This is free software: you are free to change and redistribute it.
There is NO WARRANTY, to the extent permitted by law.
+ as --version
GNU assembler (GNU Binutils for Ubuntu) 2.42
Copyright (C) 2024 Free Software Foundation, Inc.
This program is free software; you may redistribute it under the terms of
the GNU General Public License version 3 or later.
This program has absolutely no warranty.
This assembler was configured for a target of `x86_64-linux-gnu'.
+ ld -v
GNU ld (GNU Binutils for Ubuntu) 2.42
+ HOST=x86_64-unknown-linux-gnu
+ BUILD=x86_64-unknown-linux-gnu
+ NO_PROTON=--enable-proton=no
+ make -C ./depends/ V=1
make: Entering directory '/home/devl/Zero/depends'
rm -rf /home/devl/Zero/depends/x86_64-unknown-linux-gnu
mkdir -p /home/devl/Zero/depends/x86_64-unknown-linux-gnu
echo copying packages: native_ccache boost openssl libevent zeromq libsodium utfcpp googletest rust crate_aes crate_aesni crate_aes_soft crate_arrayvec crate_bitflags crate_bit_vec crate_blake2_rfc crate_block_cipher_trait crate_byte_tools crate_byteorder crate_constant_time_eq crate_crossbeam crate_digest crate_fpe crate_fuchsia_zircon crate_fuchsia_zircon_sys crate_futures_cpupool crate_futures crate_generic_array crate_lazy_static crate_libc crate_nodrop crate_num_bigint crate_num_cpus crate_num_integer crate_num_traits crate_opaque_debug crate_rand crate_stream_cipher crate_typenum crate_winapi_i686_pc_windows_gnu crate_winapi crate_winapi_x86_64_pc_windows_gnu librustzcash bdb
copying packages: native_ccache boost openssl libevent zeromq libsodium utfcpp googletest rust crate_aes crate_aesni crate_aes_soft crate_arrayvec crate_bitflags crate_bit_vec crate_blake2_rfc crate_block_cipher_trait crate_byte_tools crate_byteorder crate_constant_time_eq crate_crossbeam crate_digest crate_fpe crate_fuchsia_zircon crate_fuchsia_zircon_sys crate_futures_cpupool crate_futures crate_generic_array crate_lazy_static crate_libc crate_nodrop crate_num_bigint crate_num_cpus crate_num_integer crate_num_traits crate_opaque_debug crate_rand crate_stream_cipher crate_typenum crate_winapi_i686_pc_windows_gnu crate_winapi crate_winapi_x86_64_pc_windows_gnu librustzcash bdb
echo to: /home/devl/Zero/depends/x86_64-unknown-linux-gnu
to: /home/devl/Zero/depends/x86_64-unknown-linux-gnu
cd /home/devl/Zero/depends/x86_64-unknown-linux-gnu;  tar xf /home/devl/Zero/depends/built/x86_64-unknown-linux-gnu/native_ccache/native_ccache-3.3.1-ba1a59b607a.tar.gz;   tar xf /home/devl/Zero/depends/built/x86_64-unknown-linux-gnu/boost/boost-1_70_0-8d9fdeacf0b.tar.gz;   tar xf /home/devl/Zero/depends/built/x86_64-unknown-linux-gnu/openssl/openssl-1.1.1a-8edef348434.tar.gz;   tar xf /home/devl/Zero/depends/built/x86_64-unknown-linux-gnu/libevent/libevent-2.1.8-fc523ac01c1.tar.gz;   tar xf /home/devl/Zero/depends/built/x86_64-unknown-linux-gnu/zeromq/zeromq-4.3.1-08005dea318.tar.gz;   tar xf /home/devl/Zero/depends/built/x86_64-unknown-linux-gnu/libsodium/libsodium-1.0.15-215ff63388c.tar.gz;   tar xf /home/devl/Zero/depends/built/x86_64-unknown-linux-gnu/utfcpp/utfcpp-3.1-404279f42c9.tar.gz;   tar xf /home/devl/Zero/depends/built/x86_64-unknown-linux-gnu/googletest/googletest-1.8.0-62473c0869d.tar.gz;   tar xf /home/devl/Zero/depends/built/x86_64-unknown-linux-gnu/rust/rust-1.32.0-5e8adb4474e.tar.gz;   tar xf /home/devl/Zero/depends/built/x86_64-unknown-linux-gnu/crate_aes/crate_aes-0.2.0-11c745a438f.tar.gz;   tar xf /home/devl/Zero/depends/built/x86_64-unknown-linux-gnu/crate_aesni/crate_aesni-0.4.1-0ee45103d72.tar.gz;   tar xf /home/devl/Zero/depends/built/x86_64-unknown-linux-gnu/crate_aes_soft/crate_aes_soft-0.2.0-8c861e42698.tar.gz;   tar xf /home/devl/Zero/depends/built/x86_64-unknown-linux-gnu/crate_arrayvec/crate_arrayvec-0.4.7-ba71eb54590.tar.gz;   tar xf /home/devl/Zero/depends/built/x86_64-unknown-linux-gnu/crate_bitflags/crate_bitflags-1.0.1-9639f9da1c2.tar.gz;   tar xf /home/devl/Zero/depends/built/x86_64-unknown-linux-gnu/crate_bit_vec/crate_bit_vec-0.4.4-d9059638503.tar.gz;   tar xf /home/devl/Zero/depends/built/x86_64-unknown-linux-gnu/crate_blake2_rfc/crate_blake2_rfc--b079089d1c0.tar.gz;   tar xf /home/devl/Zero/depends/built/x86_64-unknown-linux-gnu/crate_block_cipher_trait/crate_block_cipher_trait-0.5.3-21f228ab714.tar.gz;   tar xf /home/devl/Zero/depends/built/x86_64-unknown-linux-gnu/crate_byte_tools/crate_byte_tools-0.2.0-a8a3f25fe01.tar.gz;   tar xf /home/devl/Zero/depends/built/x86_64-unknown-linux-gnu/crate_byteorder/crate_byteorder-1.2.2-477ae1c80aa.tar.gz;   tar xf /home/devl/Zero/depends/built/x86_64-unknown-linux-gnu/crate_constant_time_eq/crate_constant_time_eq-0.1.3-7f444b0b7c5.tar.gz;   tar xf /home/devl/Zero/depends/built/x86_64-unknown-linux-gnu/crate_crossbeam/crate_crossbeam-0.3.2-7a2dc56bf9d.tar.gz;   tar xf /home/devl/Zero/depends/built/x86_64-unknown-linux-gnu/crate_digest/crate_digest-0.7.2-e6bd60f377f.tar.gz;   tar xf /home/devl/Zero/depends/built/x86_64-unknown-linux-gnu/crate_fpe/crate_fpe-0.1.0-f43159fea75.tar.gz;   tar xf /home/devl/Zero/depends/built/x86_64-unknown-linux-gnu/crate_fuchsia_zircon/crate_fuchsia_zircon-0.3.3-b59ced7ba50.tar.gz;   tar xf /home/devl/Zero/depends/built/x86_64-unknown-linux-gnu/crate_fuchsia_zircon_sys/crate_fuchsia_zircon_sys-0.3.3-d984c6f1cdb.tar.gz;   tar xf /home/devl/Zero/depends/built/x86_64-unknown-linux-gnu/crate_futures_cpupool/crate_futures_cpupool-0.1.8-1812c8238f0.tar.gz;   tar xf /home/devl/Zero/depends/built/x86_64-unknown-linux-gnu/crate_futures/crate_futures-0.1.21-ccf62b2fcf4.tar.gz;   tar xf /home/devl/Zero/depends/built/x86_64-unknown-linux-gnu/crate_generic_array/crate_generic_array-0.9.0-84cb96d40d0.tar.gz;   tar xf /home/devl/Zero/depends/built/x86_64-unknown-linux-gnu/crate_lazy_static/crate_lazy_static-1.0.0-cc456e562ae.tar.gz;   tar xf /home/devl/Zero/depends/built/x86_64-unknown-linux-gnu/crate_libc/crate_libc-0.2.40-309d5b0645c.tar.gz;   tar xf /home/devl/Zero/depends/built/x86_64-unknown-linux-gnu/crate_nodrop/crate_nodrop-0.1.12-0b0390cb0a0.tar.gz;   tar xf /home/devl/Zero/depends/built/x86_64-unknown-linux-gnu/crate_num_bigint/crate_num_bigint-0.2.0-176f2f0ed37.tar.gz;   tar xf /home/devl/Zero/depends/built/x86_64-unknown-linux-gnu/crate_num_cpus/crate_num_cpus-1.8.0-ceba6fe9d9a.tar.gz;   tar xf /home/devl/Zero/depends/built/x86_64-unknown-linux-gnu/crate_num_integer/crate_num_integer-0.1.39-bd1bcb5b2f5.tar.gz;   tar xf /home/devl/Zero/depends/built/x86_64-unknown-linux-gnu/crate_num_traits/crate_num_traits-0.2.5-6cdbaa0ffcc.tar.gz;   tar xf /home/devl/Zero/depends/built/x86_64-unknown-linux-gnu/crate_opaque_debug/crate_opaque_debug-0.1.1-a9c3a292273.tar.gz;   tar xf /home/devl/Zero/depends/built/x86_64-unknown-linux-gnu/crate_rand/crate_rand-0.4.2-70f04ee99a2.tar.gz;   tar xf /home/devl/Zero/depends/built/x86_64-unknown-linux-gnu/crate_stream_cipher/crate_stream_cipher-0.1.1-f2d0e87bd87.tar.gz;   tar xf /home/devl/Zero/depends/built/x86_64-unknown-linux-gnu/crate_typenum/crate_typenum-1.10.0-04c09f09600.tar.gz;   tar xf /home/devl/Zero/depends/built/x86_64-unknown-linux-gnu/crate_winapi_i686_pc_windows_gnu/crate_winapi_i686_pc_windows_gnu-0.4.0-d6c741de28e.tar.gz;   tar xf /home/devl/Zero/depends/built/x86_64-unknown-linux-gnu/crate_winapi/crate_winapi-0.3.4-047252c2051.tar.gz;   tar xf /home/devl/Zero/depends/built/x86_64-unknown-linux-gnu/crate_winapi_x86_64_pc_windows_gnu/crate_winapi_x86_64_pc_windows_gnu-0.4.0-ef473c935a9.tar.gz;   tar xf /home/devl/Zero/depends/built/x86_64-unknown-linux-gnu/librustzcash/librustzcash-0.1-af991e044ee.tar.gz;   tar xf /home/devl/Zero/depends/built/x86_64-unknown-linux-gnu/bdb/bdb-6.2.23-aabb286c4f4.tar.gz; 
touch /home/devl/Zero/depends/x86_64-unknown-linux-gnu/.stamp_10e61baf38f
sed -e 's|@HOST@|x86_64-unknown-linux-gnu|' \
            -e 's|@CC@|gcc -m64|' \
            -e 's|@CXX@|g++ -m64|' \
            -e 's|@AR@|ar|' \
            -e 's|@RANLIB@|ranlib|' \
            -e 's|@NM@|nm|' \
            -e 's|@STRIP@|strip|' \
            -e 's|@build_os@|linux|' \
            -e 's|@host_os@|linux|' \
            -e 's|@CFLAGS@|-pipe -O1|' \
            -e 's|@CXXFLAGS@|-pipe -O1|' \
            -e 's|@CPPFLAGS@||' \
            -e 's|@LDFLAGS@||' \
            -e 's|@no_wallet@||' \
            -e 's|@debug@||' \
            config.site.in > /home/devl/Zero/depends/x86_64-unknown-linux-gnu/share/config.site
touch /home/devl/Zero/depends/x86_64-unknown-linux-gnu/share/config.site
make: Leaving directory '/home/devl/Zero/depends'
+ ./autogen.sh
libtoolize: putting auxiliary files in AC_CONFIG_AUX_DIR, 'build-aux'.
libtoolize: copying file 'build-aux/ltmain.sh'
libtoolize: putting macros in AC_CONFIG_MACRO_DIRS, 'build-aux/m4'.
libtoolize: copying file 'build-aux/m4/libtool.m4'
libtoolize: copying file 'build-aux/m4/ltoptions.m4'
libtoolize: copying file 'build-aux/m4/ltsugar.m4'
libtoolize: copying file 'build-aux/m4/ltversion.m4'
libtoolize: copying file 'build-aux/m4/lt~obsolete.m4'
configure.ac:28: warning: The macro `AC_PROG_CC_C89' is obsolete.
configure.ac:28: You should run autoupdate.
./lib/autoconf/c.m4:1652: AC_PROG_CC_C89 is expanded from...
configure.ac:28: the top level
configure.ac:10: installing 'build-aux/compile'
configure.ac:9: installing 'build-aux/missing'
Makefile.am: installing 'build-aux/depcomp'
libtoolize: putting auxiliary files in AC_CONFIG_AUX_DIR, 'build-aux'.
libtoolize: copying file 'build-aux/ltmain.sh'
libtoolize: putting macros in AC_CONFIG_MACRO_DIRS, 'build-aux/m4'.
libtoolize: copying file 'build-aux/m4/libtool.m4'
libtoolize: copying file 'build-aux/m4/ltoptions.m4'
libtoolize: copying file 'build-aux/m4/ltsugar.m4'
libtoolize: copying file 'build-aux/m4/ltversion.m4'
libtoolize: copying file 'build-aux/m4/lt~obsolete.m4'
configure.ac:45: installing 'build-aux/compile'
configure.ac:28: installing 'build-aux/missing'
Makefile.am: installing 'build-aux/depcomp'
libtoolize: putting auxiliary files in AC_CONFIG_AUX_DIR, 'build-aux'.
libtoolize: copying file 'build-aux/ltmain.sh'
libtoolize: putting macros in AC_CONFIG_MACRO_DIRS, 'build-aux/m4'.
libtoolize: copying file 'build-aux/m4/libtool.m4'
libtoolize: copying file 'build-aux/m4/ltoptions.m4'
libtoolize: copying file 'build-aux/m4/ltsugar.m4'
libtoolize: copying file 'build-aux/m4/ltversion.m4'
libtoolize: copying file 'build-aux/m4/lt~obsolete.m4'
configure.ac:395: warning: $as_echo is obsolete; use AS_ECHO(["message"]) instead
lib/m4sugar/m4sh.m4:692: _AS_IF_ELSE is expanded from...
lib/m4sugar/m4sh.m4:699: AS_IF is expanded from...
./lib/autoconf/general.m4:2249: AC_CACHE_VAL is expanded from...
./lib/autoconf/general.m4:2270: AC_CACHE_CHECK is expanded from...
build-aux/m4/ax_pthread.m4:88: AX_PTHREAD is expanded from...
configure.ac:395: the top level
configure.ac:70: installing 'build-aux/compile'
configure.ac:37: installing 'build-aux/missing'
Makefile.am:14: warning: user variable 'GZIP_ENV' defined here ...
/usr/share/automake-1.16/am/distdir.am: ... overrides Automake variable 'GZIP_ENV' defined here
Makefile.am:45: warning: user target 'distcleancheck' defined here ...
/usr/share/automake-1.16/am/distdir.am: ... overrides Automake target 'distcleancheck' defined here
src/Makefile.am: installing 'build-aux/depcomp'
src/Makefile.am:563: warning: variable 'libzcash_a_LDFLAGS' is defined but no program or
src/Makefile.am:563: library has 'libzcash_a' as canonical name (possible typo)
+ CONFIG_SITE=/home/devl/Zero/depends/x86_64-unknown-linux-gnu/share/config.site
+ ./configure --enable-hardening '' '' '' --enable-proton=no CXXFLAGS=-g
configure: WARNING: you should use --build, --host, --target
configure: WARNING: you should use --build, --host, --target
configure: WARNING: you should use --build, --host, --target
configure: loading site script /home/devl/Zero/depends/x86_64-unknown-linux-gnu/share/config.site
checking build system type... x86_64-pc-linux-gnu
checking host system type... x86_64-unknown-linux-gnu
checking for a BSD-compatible install... /usr/bin/install -c
checking whether build environment is sane... yes
checking for x86_64-unknown-linux-gnu-strip... no
checking for strip... strip
checking for a race-free mkdir -p... /usr/bin/mkdir -p
checking for gawk... gawk
checking whether make sets $(MAKE)... yes
checking whether make supports nested variables... yes
checking how to create a pax tar archive... gnutar
checking whether to enable maintainer-specific portions of Makefiles... yes
checking whether make supports nested variables... (cached) yes
checking whether the C++ compiler works... yes
checking for C++ compiler default output file name... a.out
checking for suffix of executables... 
checking whether we are cross compiling... no
checking for suffix of object files... o
checking whether the compiler supports GNU C++... yes
checking whether g++ -m64 accepts -g... yes
checking for g++ -m64 option to enable C++11 features... none needed
checking whether make supports the include directive... yes (GNU style)
checking dependency style of g++ -m64... gcc3
checking for x86_64-unknown-linux-gnu-g++... g++ -m64
checking whether the compiler supports GNU Objective C++... no
checking whether g++ -m64 accepts -g... no
checking dependency style of g++ -m64... gcc3
checking whether g++ -m64 supports C++11 features with -std=c++11... yes
checking whether std::atomic can be used without link library... yes
checking how to print strings... printf
checking for x86_64-unknown-linux-gnu-gcc... gcc -m64
checking whether the compiler supports GNU C... yes
checking whether gcc -m64 accepts -g... yes
checking for gcc -m64 option to enable C11 features... none needed
checking whether gcc -m64 understands -c and -o together... yes
checking dependency style of gcc -m64... gcc3
checking for a sed that does not truncate output... /usr/bin/sed
checking for grep that handles long lines and -e... /usr/bin/grep
checking for egrep... /usr/bin/grep -E
checking for fgrep... /usr/bin/grep -F
checking for ld used by gcc -m64... /usr/bin/ld
checking if the linker (/usr/bin/ld) is GNU ld... yes
checking for BSD- or MS-compatible name lister (nm)... nm
checking the name lister (nm) interface... BSD nm
checking whether ln -s works... yes
checking the maximum length of command line arguments... 1572864
checking how to convert x86_64-pc-linux-gnu file names to x86_64-unknown-linux-gnu format... func_convert_file_noop
checking how to convert x86_64-pc-linux-gnu file names to toolchain format... func_convert_file_noop
checking for /usr/bin/ld option to reload object files... -r
checking for x86_64-unknown-linux-gnu-file... no
checking for file... file
checking for x86_64-unknown-linux-gnu-objdump... no
checking for objdump... objdump
checking how to recognize dependent libraries... pass_all
checking for x86_64-unknown-linux-gnu-dlltool... no
checking for dlltool... no
checking how to associate runtime and link libraries... printf %s\n
checking for x86_64-unknown-linux-gnu-ar... ar
checking for archiver @FILE support... @
checking for x86_64-unknown-linux-gnu-strip... strip
checking for x86_64-unknown-linux-gnu-ranlib... ranlib
checking command to parse nm output from gcc -m64 object... ok
checking for sysroot... no
checking for a working dd... /usr/bin/dd
checking how to truncate binary pipes... /usr/bin/dd bs=4096 count=1
checking for x86_64-unknown-linux-gnu-mt... no
checking for mt... no
checking if : is a manifest tool... no
checking for stdio.h... yes
checking for stdlib.h... yes
checking for string.h... yes
checking for inttypes.h... yes
checking for stdint.h... yes
checking for strings.h... yes
checking for sys/stat.h... yes
checking for sys/types.h... yes
checking for unistd.h... yes
checking for dlfcn.h... yes
checking for objdir... .libs
checking if gcc -m64 supports -fno-rtti -fno-exceptions... no
checking for gcc -m64 option to produce PIC... -fPIC -DPIC
checking if gcc -m64 PIC flag -fPIC -DPIC works... yes
checking if gcc -m64 static flag -static works... yes
checking if gcc -m64 supports -c -o file.o... yes
checking if gcc -m64 supports -c -o file.o... (cached) yes
checking whether the gcc -m64 linker (/usr/bin/ld -m elf_x86_64) supports shared libraries... yes
checking whether -lc should be explicitly linked in... no
checking dynamic linker characteristics... GNU/Linux ld.so
checking how to hardcode library paths into programs... immediate
checking whether stripping libraries is possible... yes
checking if libtool supports shared libraries... yes
checking whether to build shared libraries... yes
checking whether to build static libraries... yes
checking how to run the C++ preprocessor... g++ -m64 -std=c++11 -E
checking for ld used by g++ -m64 -std=c++11... /usr/bin/ld -m elf_x86_64
checking if the linker (/usr/bin/ld -m elf_x86_64) is GNU ld... yes
checking whether the g++ -m64 -std=c++11 linker (/usr/bin/ld -m elf_x86_64) supports shared libraries... yes
checking for g++ -m64 -std=c++11 option to produce PIC... -fPIC -DPIC
checking if g++ -m64 -std=c++11 PIC flag -fPIC -DPIC works... yes
checking if g++ -m64 -std=c++11 static flag -static works... yes
checking if g++ -m64 -std=c++11 supports -c -o file.o... yes
checking if g++ -m64 -std=c++11 supports -c -o file.o... (cached) yes
checking whether the g++ -m64 -std=c++11 linker (/usr/bin/ld -m elf_x86_64) supports shared libraries... yes
checking dynamic linker characteristics... (cached) GNU/Linux ld.so
checking how to hardcode library paths into programs... immediate
checking for x86_64-unknown-linux-gnu-ar... no
checking for ar... (cached) ar
checking for x86_64-unknown-linux-gnu-ranlib... no
checking for ranlib... (cached) ranlib
checking for x86_64-unknown-linux-gnu-strip... no
checking for strip... /usr/bin/strip
checking for x86_64-unknown-linux-gnu-gcov... no
checking for gcov... /usr/bin/gcov
checking for lcov... /usr/bin/lcov
checking for genhtml... /usr/bin/genhtml
checking for git... /usr/bin/git
checking for ccache... /home/devl/Zero/depends/x86_64-unknown-linux-gnu/share/../native/bin/ccache
checking for xgettext... no
checking for hexdump... /usr/bin/hexdump
checking for x86_64-unknown-linux-gnu-readelf... no
checking for readelf... /usr/bin/readelf
checking for x86_64-unknown-linux-gnu-c++filt... no
checking for c++filt... /usr/bin/c++filt
checking whether C++ compiler accepts -Werror... yes
checking for x86_64-unknown-linux-gnu-pkg-config... /usr/bin/pkg-config --static
checking pkg-config is at least version 0.9.0... yes
checking whether byte ordering is bigendian... no
checking how to run the C preprocessor... gcc -m64 -E
checking whether gcc -m64 is Clang... no
checking whether pthreads work with -pthread... yes
checking for joinable pthread attribute... PTHREAD_CREATE_JOINABLE
checking whether more special flags are required for pthreads... no
checking for PTHREAD_PRIO_INHERIT... yes
checking for special C compiler options needed for large files... no
checking for _FILE_OFFSET_BITS value needed for large files... no
checking for g++ -m64 -std=c++11 options needed to detect all undeclared functions... none needed
checking whether strerror_r is declared... yes
checking whether strerror_r returns char *... yes
checking whether the linker accepts -Wl,--large-address-aware... no
checking for __attribute__((visibility))... yes
checking for __attribute__((dllexport))... no
checking for __attribute__((dllimport))... no
checking for library containing clock_gettime... none required
checking whether C++ compiler accepts -fPIC... yes
checking whether C++ compiler accepts -Wformat... yes
checking whether C++ compiler accepts -Wformat-security... yes
checking whether C++ compiler accepts -Wstack-protector... yes
checking whether C++ compiler accepts -fstack-protector-all... yes
checking whether C++ preprocessor accepts -D_FORTIFY_SOURCE=2... yes
checking whether C++ preprocessor accepts -U_FORTIFY_SOURCE... yes
checking whether the linker accepts -Wl,-z,relro... yes
checking whether the linker accepts -Wl,-z,now... yes
checking whether C++ compiler accepts -fPIE... yes
checking whether the linker accepts -pie... yes
checking for endian.h... yes
checking for sys/endian.h... no
checking for byteswap.h... yes
checking for stdio.h... (cached) yes
checking for stdlib.h... (cached) yes
checking for unistd.h... (cached) yes
checking for strings.h... (cached) yes
checking for sys/types.h... (cached) yes
checking for sys/stat.h... (cached) yes
checking for sys/select.h... yes
checking for sys/prctl.h... yes
checking for library containing getaddrinfo_a... none required
checking for library containing inet_pton... none required
checking whether strnlen is declared... yes
checking whether le16toh is declared... yes
checking whether le32toh is declared... yes
checking whether le64toh is declared... yes
checking whether htole16 is declared... yes
checking whether htole32 is declared... yes
checking whether htole64 is declared... yes
checking whether be16toh is declared... yes
checking whether be32toh is declared... yes
checking whether be64toh is declared... yes
checking whether htobe16 is declared... yes
checking whether htobe32 is declared... yes
checking whether htobe64 is declared... yes
checking whether bswap_16 is declared... yes
checking whether bswap_32 is declared... yes
checking whether bswap_64 is declared... yes
checking for MSG_NOSIGNAL... yes
checking for visibility attribute... yes
checking for Berkeley DB C++ headers... default
checking for main in -ldb_cxx-6.2... yes
checking for boostlib >= 1.62... yes
checking whether the Boost::System library is available... yes
checking for exit in -lboost_system... yes
checking whether the Boost::Filesystem library is available... yes
checking for exit in -lboost_filesystem... yes
checking whether the Boost::Program_Options library is available... yes
checking for exit in -lboost_program_options... yes
checking whether the Boost::Thread library is available... yes
checking for exit in -lboost_thread... yes
checking whether the Boost::Chrono library is available... yes
checking for exit in -lboost_chrono... yes
checking whether the Boost::Unit_Test_Framework library is available... yes
checking for dynamic linked boost test... no
checking for libssl... yes
checking for libcrypto... yes
checking for libevent... yes
checking for libevent_pthreads... yes
checking for libzmq >= 4... yes
checking whether C++ compiler accepts -fwrapv... yes
checking whether C++ compiler accepts -fno-strict-aliasing... yes
checking whether C++ compiler accepts -Wno-builtin-declaration-mismatch... yes
checking whether to build bitcoind... yes
checking whether to build utils (zero-cli zero-tx)... yes
checking whether to build libraries... no
checking if ccache should be used... yes
checking whether C preprocessor accepts -Qunused-arguments... no
checking if wallet should be enabled... yes
checking if mining should be enabled... yes
checking whether to build test_bitcoin... yes
checking whether to reduce exports... no
checking that generated files are newer than configure... done
configure: creating ./config.status
config.status: creating Makefile
config.status: creating src/Makefile
config.status: creating doc/man/Makefile
config.status: creating src/test/buildenv.py
config.status: creating qa/pull-tester/run-bitcoind-for-test.sh
config.status: creating qa/pull-tester/tests-config.sh
config.status: creating src/config/bitcoin-config.h
config.status: executing depfiles commands
config.status: executing libtool commands
=== configuring in src/secp256k1 (/home/devl/Zero/src/secp256k1)
configure: running /bin/bash ./configure --disable-option-checking '--prefix=/usr/local'  '--enable-hardening' '' '' '' '--enable-proton=no' 'CXXFLAGS=-g' 'build_alias=' 'host_alias=' 'target_alias=' 'CXX=g++-11' 'CC=gcc-11' '--disable-shared' '--with-pic' '--with-bignum=no' '--enable-module-recovery' --cache-file=/dev/null --srcdir=.
configure: WARNING: you should use --build, --host, --target
configure: WARNING: you should use --build, --host, --target
configure: WARNING: you should use --build, --host, --target
configure: loading site script /home/devl/Zero/depends/x86_64-unknown-linux-gnu/share/config.site
checking build system type... x86_64-pc-linux-gnu
checking host system type... x86_64-unknown-linux-gnu
checking for a BSD-compatible install... /usr/bin/install -c
checking whether build environment is sane... yes
checking for x86_64-unknown-linux-gnu-strip... no
checking for strip... strip
checking for a race-free mkdir -p... /usr/bin/mkdir -p
checking for gawk... gawk
checking whether make sets $(MAKE)... yes
checking whether make supports nested variables... yes
checking how to print strings... printf
checking whether make supports the include directive... yes (GNU style)
checking for x86_64-unknown-linux-gnu-gcc... gcc -m64
checking whether the C compiler works... yes
checking for C compiler default output file name... a.out
checking for suffix of executables... 
checking whether we are cross compiling... no
checking for suffix of object files... o
checking whether the compiler supports GNU C... yes
checking whether gcc -m64 accepts -g... yes
checking for gcc -m64 option to enable C11 features... none needed
checking whether gcc -m64 understands -c and -o together... yes
checking dependency style of gcc -m64... gcc3
checking for a sed that does not truncate output... /usr/bin/sed
checking for grep that handles long lines and -e... /usr/bin/grep
checking for egrep... /usr/bin/grep -E
checking for fgrep... /usr/bin/grep -F
checking for ld used by gcc -m64... /usr/bin/ld
checking if the linker (/usr/bin/ld) is GNU ld... yes
checking for BSD- or MS-compatible name lister (nm)... nm
checking the name lister (nm) interface... BSD nm
checking whether ln -s works... yes
checking the maximum length of command line arguments... 1572864
checking how to convert x86_64-pc-linux-gnu file names to x86_64-unknown-linux-gnu format... func_convert_file_noop
checking how to convert x86_64-pc-linux-gnu file names to toolchain format... func_convert_file_noop
checking for /usr/bin/ld option to reload object files... -r
checking for x86_64-unknown-linux-gnu-file... no
checking for file... file
checking for x86_64-unknown-linux-gnu-objdump... no
checking for objdump... objdump
checking how to recognize dependent libraries... pass_all
checking for x86_64-unknown-linux-gnu-dlltool... no
checking for dlltool... no
checking how to associate runtime and link libraries... printf %s\n
checking for x86_64-unknown-linux-gnu-ar... ar
checking for archiver @FILE support... @
checking for x86_64-unknown-linux-gnu-strip... strip
checking for x86_64-unknown-linux-gnu-ranlib... ranlib
checking command to parse nm output from gcc -m64 object... ok
checking for sysroot... no
checking for a working dd... /usr/bin/dd
checking how to truncate binary pipes... /usr/bin/dd bs=4096 count=1
checking for x86_64-unknown-linux-gnu-mt... no
checking for mt... no
checking if : is a manifest tool... no
checking for stdio.h... yes
checking for stdlib.h... yes
checking for string.h... yes
checking for inttypes.h... yes
checking for stdint.h... yes
checking for strings.h... yes
checking for sys/stat.h... yes
checking for sys/types.h... yes
checking for unistd.h... yes
checking for dlfcn.h... yes
checking for objdir... .libs
checking if gcc -m64 supports -fno-rtti -fno-exceptions... no
checking for gcc -m64 option to produce PIC... -fPIC -DPIC
checking if gcc -m64 PIC flag -fPIC -DPIC works... yes
checking if gcc -m64 static flag -static works... yes
checking if gcc -m64 supports -c -o file.o... yes
checking if gcc -m64 supports -c -o file.o... (cached) yes
checking whether the gcc -m64 linker (/usr/bin/ld -m elf_x86_64) supports shared libraries... yes
checking dynamic linker characteristics... GNU/Linux ld.so
checking how to hardcode library paths into programs... immediate
checking whether stripping libraries is possible... yes
checking if libtool supports shared libraries... yes
checking whether to build shared libraries... no
checking whether to build static libraries... yes
checking whether make supports nested variables... (cached) yes
checking for x86_64-unknown-linux-gnu-pkg-config... /usr/bin/pkg-config --static
checking pkg-config is at least version 0.9.0... yes
checking for x86_64-unknown-linux-gnu-ar... no
checking for ar... (cached) ar
checking for x86_64-unknown-linux-gnu-ranlib... no
checking for ranlib... (cached) ranlib
checking for x86_64-unknown-linux-gnu-strip... no
checking for strip... /usr/bin/strip
checking how to run the C preprocessor... gcc -m64 -E
checking for gcc... gcc
checking whether the compiler supports GNU C... (cached) yes
checking whether gcc accepts -g... yes
checking for gcc option to enable C11 features... (cached) none needed
checking whether gcc understands -c and -o together... (cached) yes
checking dependency style of gcc... (cached) gcc3
checking how to run the C preprocessor... gcc -E
checking dependency style of gcc -m64... gcc3
checking if gcc -m64 supports -std=c89 -pedantic -Wall -Wextra -Wcast-align -Wnested-externs -Wshadow -Wstrict-prototypes -Wno-unused-function -Wno-long-long -Wno-overlength-strings... yes
checking if gcc -m64 supports -fvisibility=hidden... yes
checking for __int128... yes
checking for __builtin_expect... yes
checking native compiler: gcc... ok
checking for x86_64 assembly availability... yes
checking for libcrypto... yes
checking for main in -lcrypto... yes
checking for EC functions in libcrypto... no
checking for javac... no
configure: WARNING: cannot find JDK; try setting $JAVAC or $JAVA_HOME
checking jni headers... none
configure: WARNING: jni headers/dependencies not found. jni support disabled
checking whether byte ordering is bigendian... no
configure: Using static precomputation: yes
configure: Using assembly optimizations: x86_64
configure: Using field implementation: 64bit
configure: Using bignum implementation: no
configure: Using scalar implementation: 64bit
configure: Using endomorphism optimizations: no
configure: Building for coverage analysis: no
configure: Building ECDH module: no
configure: Building ECDSA pubkey recovery module: yes
configure: Using jni: no
checking that generated files are newer than configure... done
configure: creating ./config.status
config.status: creating Makefile
config.status: creating libsecp256k1.pc
config.status: creating src/libsecp256k1-config.h
config.status: src/libsecp256k1-config.h is unchanged
config.status: executing depfiles commands
config.status: executing libtool commands
=== configuring in src/univalue (/home/devl/Zero/src/univalue)
configure: running /bin/bash ./configure --disable-option-checking '--prefix=/usr/local'  '--enable-hardening' '' '' '' '--enable-proton=no' 'CXXFLAGS=-g' 'build_alias=' 'host_alias=' 'target_alias=' 'CXX=g++-11' 'CC=gcc-11' '--disable-shared' '--with-pic' '--with-bignum=no' '--enable-module-recovery' --cache-file=/dev/null --srcdir=.
configure: WARNING: you should use --build, --host, --target
configure: WARNING: you should use --build, --host, --target
configure: WARNING: you should use --build, --host, --target
configure: loading site script /home/devl/Zero/depends/x86_64-unknown-linux-gnu/share/config.site
checking whether make supports nested variables... yes
checking for a BSD-compatible install... /usr/bin/install -c
checking whether build environment is sane... yes
checking for x86_64-unknown-linux-gnu-strip... no
checking for strip... strip
checking for a race-free mkdir -p... /usr/bin/mkdir -p
checking for gawk... gawk
checking whether make sets $(MAKE)... yes
checking build system type... x86_64-pc-linux-gnu
checking host system type... x86_64-unknown-linux-gnu
checking how to print strings... printf
checking whether make supports the include directive... yes (GNU style)
checking for x86_64-unknown-linux-gnu-gcc... gcc -m64
checking whether the C compiler works... yes
checking for C compiler default output file name... a.out
checking for suffix of executables... 
checking whether we are cross compiling... no
checking for suffix of object files... o
checking whether the compiler supports GNU C... yes
checking whether gcc -m64 accepts -g... yes
checking for gcc -m64 option to enable C11 features... none needed
checking whether gcc -m64 understands -c and -o together... yes
checking dependency style of gcc -m64... gcc3
checking for a sed that does not truncate output... /usr/bin/sed
checking for grep that handles long lines and -e... /usr/bin/grep
checking for egrep... /usr/bin/grep -E
checking for fgrep... /usr/bin/grep -F
checking for ld used by gcc -m64... /usr/bin/ld
checking if the linker (/usr/bin/ld) is GNU ld... yes
checking for BSD- or MS-compatible name lister (nm)... nm
checking the name lister (nm) interface... BSD nm
checking whether ln -s works... yes
checking the maximum length of command line arguments... 1572864
checking how to convert x86_64-pc-linux-gnu file names to x86_64-unknown-linux-gnu format... func_convert_file_noop
checking how to convert x86_64-pc-linux-gnu file names to toolchain format... func_convert_file_noop
checking for /usr/bin/ld option to reload object files... -r
checking for x86_64-unknown-linux-gnu-file... no
checking for file... file
checking for x86_64-unknown-linux-gnu-objdump... no
checking for objdump... objdump
checking how to recognize dependent libraries... pass_all
checking for x86_64-unknown-linux-gnu-dlltool... no
checking for dlltool... no
checking how to associate runtime and link libraries... printf %s\n
checking for x86_64-unknown-linux-gnu-ar... ar
checking for archiver @FILE support... @
checking for x86_64-unknown-linux-gnu-strip... strip
checking for x86_64-unknown-linux-gnu-ranlib... ranlib
checking command to parse nm output from gcc -m64 object... ok
checking for sysroot... no
checking for a working dd... /usr/bin/dd
checking how to truncate binary pipes... /usr/bin/dd bs=4096 count=1
checking for x86_64-unknown-linux-gnu-mt... no
checking for mt... no
checking if : is a manifest tool... no
checking for stdio.h... yes
checking for stdlib.h... yes
checking for string.h... yes
checking for inttypes.h... yes
checking for stdint.h... yes
checking for strings.h... yes
checking for sys/stat.h... yes
checking for sys/types.h... yes
checking for unistd.h... yes
checking for dlfcn.h... yes
checking for objdir... .libs
checking if gcc -m64 supports -fno-rtti -fno-exceptions... no
checking for gcc -m64 option to produce PIC... -fPIC -DPIC
checking if gcc -m64 PIC flag -fPIC -DPIC works... yes
checking if gcc -m64 static flag -static works... yes
checking if gcc -m64 supports -c -o file.o... yes
checking if gcc -m64 supports -c -o file.o... (cached) yes
checking whether the gcc -m64 linker (/usr/bin/ld -m elf_x86_64) supports shared libraries... yes
checking dynamic linker characteristics... GNU/Linux ld.so
checking how to hardcode library paths into programs... immediate
checking whether stripping libraries is possible... yes
checking if libtool supports shared libraries... yes
checking whether to build shared libraries... no
checking whether to build static libraries... yes
checking whether the compiler supports GNU C++... yes
checking whether g++ -m64 accepts -g... yes
checking for g++ -m64 option to enable C++11 features... none needed
checking dependency style of g++ -m64... gcc3
checking how to run the C++ preprocessor... g++ -m64 -E
checking for ld used by g++ -m64... /usr/bin/ld -m elf_x86_64
checking if the linker (/usr/bin/ld -m elf_x86_64) is GNU ld... yes
checking whether the g++ -m64 linker (/usr/bin/ld -m elf_x86_64) supports shared libraries... yes
checking for g++ -m64 option to produce PIC... -fPIC -DPIC
checking if g++ -m64 PIC flag -fPIC -DPIC works... yes
checking if g++ -m64 static flag -static works... yes
checking if g++ -m64 supports -c -o file.o... yes
checking if g++ -m64 supports -c -o file.o... (cached) yes
checking whether the g++ -m64 linker (/usr/bin/ld -m elf_x86_64) supports shared libraries... yes
checking dynamic linker characteristics... (cached) GNU/Linux ld.so
checking how to hardcode library paths into programs... immediate
checking that generated files are newer than configure... done
configure: creating ./config.status
config.status: creating Makefile
config.status: creating pc/libunivalue.pc
config.status: creating pc/libunivalue-uninstalled.pc
config.status: creating univalue-config.h
config.status: univalue-config.h is unchanged
config.status: executing depfiles commands
config.status: executing libtool commands
Fixing libtool for -rpath problems.

Options used to compile and link:
  with wallet   = yes
  with proton   = no
  with zmq      = yes
  with test     = yes
  debug enabled = no
  werror        = no

  target os     = linux
  build os      = 

  CC            = /home/devl/Zero/depends/x86_64-unknown-linux-gnu/share/../native/bin/ccache gcc -m64
  CFLAGS        = -pipe -O1 
  CPPFLAGS      = -I/home/devl/Zero/depends/x86_64-unknown-linux-gnu/share/../include/  -DHAVE_BUILD_INFO -D__STDC_FORMAT_MACROS -DPTHREAD_STACK_MIN=16384
  CXX           = /home/devl/Zero/depends/x86_64-unknown-linux-gnu/share/../native/bin/ccache g++ -m64 -std=c++11
  CXXFLAGS      = -pipe -O1 -g -fwrapv -fno-strict-aliasing -Wno-builtin-declaration-mismatch
  LDFLAGS       = -L/home/devl/Zero/depends/x86_64-unknown-linux-gnu/share/../lib 
  ARFLAGS       = cr

+ make V=1
Making all in src
make[1]: Entering directory '/home/devl/Zero/src'
make[2]: Entering directory '/home/devl/Zero/src'
/home/devl/Zero/depends/x86_64-unknown-linux-gnu/share/../native/bin/ccache g++ -m64 -std=c++11 -DHAVE_CONFIG_H -I. -I../src/config  -U_FORTIFY_SOURCE -D_FORTIFY_SOURCE=2 -I. -I./obj  -pthread -I/home/devl/Zero/depends/x86_64-unknown-linux-gnu/share/../include -I./leveldb/include -I./leveldb/helpers/memenv -I/home/devl/Zero/depends/x86_64-unknown-linux-gnu/include  -I/home/devl/Zero/depends/x86_64-unknown-linux-gnu/include  -I./secp256k1/include -I./univalue/include -I/home/devl/Zero/depends/x86_64-unknown-linux-gnu/share/../include/  -DHAVE_BUILD_INFO -D__STDC_FORMAT_MACROS -DPTHREAD_STACK_MIN=16384  -Wformat -Wformat-security -Wstack-protector -fstack-protector-all  -Wno-deprecated-declarations -Wno-nonnull -fPIE -pipe -O1 -g -fwrapv -fno-strict-aliasing -Wno-builtin-declaration-mismatch -MT zerod-bitcoind.o -MD -MP -MF .deps/zerod-bitcoind.Tpo -c -o zerod-bitcoind.o `test -f 'bitcoind.cpp' || echo './'`bitcoind.cpp
mv -f .deps/zerod-bitcoind.Tpo .deps/zerod-bitcoind.Po
/home/devl/Zero/depends/x86_64-unknown-linux-gnu/share/../native/bin/ccache g++ -m64 -std=c++11 -DHAVE_CONFIG_H -I. -I../src/config  -U_FORTIFY_SOURCE -D_FORTIFY_SOURCE=2 -I. -I./obj  -pthread -I/home/devl/Zero/depends/x86_64-unknown-linux-gnu/share/../include -I./leveldb/include -I./leveldb/helpers/memenv -I/home/devl/Zero/depends/x86_64-unknown-linux-gnu/include  -I/home/devl/Zero/depends/x86_64-unknown-linux-gnu/include  -I./secp256k1/include -I./univalue/include -I/home/devl/Zero/depends/x86_64-unknown-linux-gnu/include  -I/home/devl/Zero/depends/x86_64-unknown-linux-gnu/include  -I/home/devl/Zero/depends/x86_64-unknown-linux-gnu/share/../include/  -DHAVE_BUILD_INFO -D__STDC_FORMAT_MACROS -DPTHREAD_STACK_MIN=16384  -Wformat -Wformat-security -Wstack-protector -fstack-protector-all  -Wno-deprecated-declarations -Wno-nonnull -fPIE -pipe -O1 -g -fwrapv -fno-strict-aliasing -Wno-builtin-declaration-mismatch -MT libbitcoin_server_a-sendalert.o -MD -MP -MF .deps/libbitcoin_server_a-sendalert.Tpo -c -o libbitcoin_server_a-sendalert.o `test -f 'sendalert.cpp' || echo './'`sendalert.cpp
mv -f .deps/libbitcoin_server_a-sendalert.Tpo .deps/libbitcoin_server_a-sendalert.Po
/home/devl/Zero/depends/x86_64-unknown-linux-gnu/share/../native/bin/ccache g++ -m64 -std=c++11 -DHAVE_CONFIG_H -I. -I../src/config  -U_FORTIFY_SOURCE -D_FORTIFY_SOURCE=2 -I. -I./obj  -pthread -I/home/devl/Zero/depends/x86_64-unknown-linux-gnu/share/../include -I./leveldb/include -I./leveldb/helpers/memenv -I/home/devl/Zero/depends/x86_64-unknown-linux-gnu/include  -I/home/devl/Zero/depends/x86_64-unknown-linux-gnu/include  -I./secp256k1/include -I./univalue/include -I/home/devl/Zero/depends/x86_64-unknown-linux-gnu/include  -I/home/devl/Zero/depends/x86_64-unknown-linux-gnu/include  -I/home/devl/Zero/depends/x86_64-unknown-linux-gnu/share/../include/  -DHAVE_BUILD_INFO -D__STDC_FORMAT_MACROS -DPTHREAD_STACK_MIN=16384  -Wformat -Wformat-security -Wstack-protector -fstack-protector-all  -Wno-deprecated-declarations -Wno-nonnull -fPIE -pipe -O1 -g -fwrapv -fno-strict-aliasing -Wno-builtin-declaration-mismatch -MT libbitcoin_server_a-addrman.o -MD -MP -MF .deps/libbitcoin_server_a-addrman.Tpo -c -o libbitcoin_server_a-addrman.o `test -f 'addrman.cpp' || echo './'`addrman.cpp
mv -f .deps/libbitcoin_server_a-addrman.Tpo .deps/libbitcoin_server_a-addrman.Po
/home/devl/Zero/depends/x86_64-unknown-linux-gnu/share/../native/bin/ccache g++ -m64 -std=c++11 -DHAVE_CONFIG_H -I. -I../src/config  -U_FORTIFY_SOURCE -D_FORTIFY_SOURCE=2 -I. -I./obj  -pthread -I/home/devl/Zero/depends/x86_64-unknown-linux-gnu/share/../include -I./leveldb/include -I./leveldb/helpers/memenv -I/home/devl/Zero/depends/x86_64-unknown-linux-gnu/include  -I/home/devl/Zero/depends/x86_64-unknown-linux-gnu/include  -I./secp256k1/include -I./univalue/include -I/home/devl/Zero/depends/x86_64-unknown-linux-gnu/include  -I/home/devl/Zero/depends/x86_64-unknown-linux-gnu/include  -I/home/devl/Zero/depends/x86_64-unknown-linux-gnu/share/../include/  -DHAVE_BUILD_INFO -D__STDC_FORMAT_MACROS -DPTHREAD_STACK_MIN=16384  -Wformat -Wformat-security -Wstack-protector -fstack-protector-all  -Wno-deprecated-declarations -Wno-nonnull -fPIE -pipe -O1 -g -fwrapv -fno-strict-aliasing -Wno-builtin-declaration-mismatch -MT libbitcoin_server_a-alert.o -MD -MP -MF .deps/libbitcoin_server_a-alert.Tpo -c -o libbitcoin_server_a-alert.o `test -f 'alert.cpp' || echo './'`alert.cpp
mv -f .deps/libbitcoin_server_a-alert.Tpo .deps/libbitcoin_server_a-alert.Po
/home/devl/Zero/depends/x86_64-unknown-linux-gnu/share/../native/bin/ccache g++ -m64 -std=c++11 -DHAVE_CONFIG_H -I. -I../src/config  -U_FORTIFY_SOURCE -D_FORTIFY_SOURCE=2 -I. -I./obj  -pthread -I/home/devl/Zero/depends/x86_64-unknown-linux-gnu/share/../include -I./leveldb/include -I./leveldb/helpers/memenv -I/home/devl/Zero/depends/x86_64-unknown-linux-gnu/include  -I/home/devl/Zero/depends/x86_64-unknown-linux-gnu/include  -I./secp256k1/include -I./univalue/include -I/home/devl/Zero/depends/x86_64-unknown-linux-gnu/include  -I/home/devl/Zero/depends/x86_64-unknown-linux-gnu/include  -I/home/devl/Zero/depends/x86_64-unknown-linux-gnu/share/../include/  -DHAVE_BUILD_INFO -D__STDC_FORMAT_MACROS -DPTHREAD_STACK_MIN=16384  -Wformat -Wformat-security -Wstack-protector -fstack-protector-all  -Wno-deprecated-declarations -Wno-nonnull -fPIE -pipe -O1 -g -fwrapv -fno-strict-aliasing -Wno-builtin-declaration-mismatch -MT libbitcoin_server_a-bloom.o -MD -MP -MF .deps/libbitcoin_server_a-bloom.Tpo -c -o libbitcoin_server_a-bloom.o `test -f 'bloom.cpp' || echo './'`bloom.cpp
mv -f .deps/libbitcoin_server_a-bloom.Tpo .deps/libbitcoin_server_a-bloom.Po
/home/devl/Zero/depends/x86_64-unknown-linux-gnu/share/../native/bin/ccache g++ -m64 -std=c++11 -DHAVE_CONFIG_H -I. -I../src/config  -U_FORTIFY_SOURCE -D_FORTIFY_SOURCE=2 -I. -I./obj  -pthread -I/home/devl/Zero/depends/x86_64-unknown-linux-gnu/share/../include -I./leveldb/include -I./leveldb/helpers/memenv -I/home/devl/Zero/depends/x86_64-unknown-linux-gnu/include  -I/home/devl/Zero/depends/x86_64-unknown-linux-gnu/include  -I./secp256k1/include -I./univalue/include -I/home/devl/Zero/depends/x86_64-unknown-linux-gnu/include  -I/home/devl/Zero/depends/x86_64-unknown-linux-gnu/include  -I/home/devl/Zero/depends/x86_64-unknown-linux-gnu/share/../include/  -DHAVE_BUILD_INFO -D__STDC_FORMAT_MACROS -DPTHREAD_STACK_MIN=16384  -Wformat -Wformat-security -Wstack-protector -fstack-protector-all  -Wno-deprecated-declarations -Wno-nonnull -fPIE -pipe -O1 -g -fwrapv -fno-strict-aliasing -Wno-builtin-declaration-mismatch -MT libbitcoin_server_a-chain.o -MD -MP -MF .deps/libbitcoin_server_a-chain.Tpo -c -o libbitcoin_server_a-chain.o `test -f 'chain.cpp' || echo './'`chain.cpp
mv -f .deps/libbitcoin_server_a-chain.Tpo .deps/libbitcoin_server_a-chain.Po
/home/devl/Zero/depends/x86_64-unknown-linux-gnu/share/../native/bin/ccache g++ -m64 -std=c++11 -DHAVE_CONFIG_H -I. -I../src/config  -U_FORTIFY_SOURCE -D_FORTIFY_SOURCE=2 -I. -I./obj  -pthread -I/home/devl/Zero/depends/x86_64-unknown-linux-gnu/share/../include -I./leveldb/include -I./leveldb/helpers/memenv -I/home/devl/Zero/depends/x86_64-unknown-linux-gnu/include  -I/home/devl/Zero/depends/x86_64-unknown-linux-gnu/include  -I./secp256k1/include -I./univalue/include -I/home/devl/Zero/depends/x86_64-unknown-linux-gnu/include  -I/home/devl/Zero/depends/x86_64-unknown-linux-gnu/include  -I/home/devl/Zero/depends/x86_64-unknown-linux-gnu/share/../include/  -DHAVE_BUILD_INFO -D__STDC_FORMAT_MACROS -DPTHREAD_STACK_MIN=16384  -Wformat -Wformat-security -Wstack-protector -fstack-protector-all  -Wno-deprecated-declarations -Wno-nonnull -fPIE -pipe -O1 -g -fwrapv -fno-strict-aliasing -Wno-builtin-declaration-mismatch -MT libbitcoin_server_a-checkpoints.o -MD -MP -MF .deps/libbitcoin_server_a-checkpoints.Tpo -c -o libbitcoin_server_a-checkpoints.o `test -f 'checkpoints.cpp' || echo './'`checkpoints.cpp
mv -f .deps/libbitcoin_server_a-checkpoints.Tpo .deps/libbitcoin_server_a-checkpoints.Po
/home/devl/Zero/depends/x86_64-unknown-linux-gnu/share/../native/bin/ccache g++ -m64 -std=c++11 -DHAVE_CONFIG_H -I. -I../src/config  -U_FORTIFY_SOURCE -D_FORTIFY_SOURCE=2 -I. -I./obj  -pthread -I/home/devl/Zero/depends/x86_64-unknown-linux-gnu/share/../include -I./leveldb/include -I./leveldb/helpers/memenv -I/home/devl/Zero/depends/x86_64-unknown-linux-gnu/include  -I/home/devl/Zero/depends/x86_64-unknown-linux-gnu/include  -I./secp256k1/include -I./univalue/include -I/home/devl/Zero/depends/x86_64-unknown-linux-gnu/include  -I/home/devl/Zero/depends/x86_64-unknown-linux-gnu/include  -I/home/devl/Zero/depends/x86_64-unknown-linux-gnu/share/../include/  -DHAVE_BUILD_INFO -D__STDC_FORMAT_MACROS -DPTHREAD_STACK_MIN=16384  -Wformat -Wformat-security -Wstack-protector -fstack-protector-all  -Wno-deprecated-declarations -Wno-nonnull -fPIE -pipe -O1 -g -fwrapv -fno-strict-aliasing -Wno-builtin-declaration-mismatch -MT libbitcoin_server_a-deprecation.o -MD -MP -MF .deps/libbitcoin_server_a-deprecation.Tpo -c -o libbitcoin_server_a-deprecation.o `test -f 'deprecation.cpp' || echo './'`deprecation.cpp
mv -f .deps/libbitcoin_server_a-deprecation.Tpo .deps/libbitcoin_server_a-deprecation.Po
/home/devl/Zero/depends/x86_64-unknown-linux-gnu/share/../native/bin/ccache g++ -m64 -std=c++11 -DHAVE_CONFIG_H -I. -I../src/config  -U_FORTIFY_SOURCE -D_FORTIFY_SOURCE=2 -I. -I./obj  -pthread -I/home/devl/Zero/depends/x86_64-unknown-linux-gnu/share/../include -I./leveldb/include -I./leveldb/helpers/memenv -I/home/devl/Zero/depends/x86_64-unknown-linux-gnu/include  -I/home/devl/Zero/depends/x86_64-unknown-linux-gnu/include  -I./secp256k1/include -I./univalue/include -I/home/devl/Zero/depends/x86_64-unknown-linux-gnu/include  -I/home/devl/Zero/depends/x86_64-unknown-linux-gnu/include  -I/home/devl/Zero/depends/x86_64-unknown-linux-gnu/share/../include/  -DHAVE_BUILD_INFO -D__STDC_FORMAT_MACROS -DPTHREAD_STACK_MIN=16384  -Wformat -Wformat-security -Wstack-protector -fstack-protector-all  -Wno-deprecated-declarations -Wno-nonnull -fPIE -pipe -O1 -g -fwrapv -fno-strict-aliasing -Wno-builtin-declaration-mismatch -MT libbitcoin_server_a-httprpc.o -MD -MP -MF .deps/libbitcoin_server_a-httprpc.Tpo -c -o libbitcoin_server_a-httprpc.o `test -f 'httprpc.cpp' || echo './'`httprpc.cpp
mv -f .deps/libbitcoin_server_a-httprpc.Tpo .deps/libbitcoin_server_a-httprpc.Po
/home/devl/Zero/depends/x86_64-unknown-linux-gnu/share/../native/bin/ccache g++ -m64 -std=c++11 -DHAVE_CONFIG_H -I. -I../src/config  -U_FORTIFY_SOURCE -D_FORTIFY_SOURCE=2 -I. -I./obj  -pthread -I/home/devl/Zero/depends/x86_64-unknown-linux-gnu/share/../include -I./leveldb/include -I./leveldb/helpers/memenv -I/home/devl/Zero/depends/x86_64-unknown-linux-gnu/include  -I/home/devl/Zero/depends/x86_64-unknown-linux-gnu/include  -I./secp256k1/include -I./univalue/include -I/home/devl/Zero/depends/x86_64-unknown-linux-gnu/include  -I/home/devl/Zero/depends/x86_64-unknown-linux-gnu/include  -I/home/devl/Zero/depends/x86_64-unknown-linux-gnu/share/../include/  -DHAVE_BUILD_INFO -D__STDC_FORMAT_MACROS -DPTHREAD_STACK_MIN=16384  -Wformat -Wformat-security -Wstack-protector -fstack-protector-all  -Wno-deprecated-declarations -Wno-nonnull -fPIE -pipe -O1 -g -fwrapv -fno-strict-aliasing -Wno-builtin-declaration-mismatch -MT libbitcoin_server_a-httpserver.o -MD -MP -MF .deps/libbitcoin_server_a-httpserver.Tpo -c -o libbitcoin_server_a-httpserver.o `test -f 'httpserver.cpp' || echo './'`httpserver.cpp
mv -f .deps/libbitcoin_server_a-httpserver.Tpo .deps/libbitcoin_server_a-httpserver.Po
/home/devl/Zero/depends/x86_64-unknown-linux-gnu/share/../native/bin/ccache g++ -m64 -std=c++11 -DHAVE_CONFIG_H -I. -I../src/config  -U_FORTIFY_SOURCE -D_FORTIFY_SOURCE=2 -I. -I./obj  -pthread -I/home/devl/Zero/depends/x86_64-unknown-linux-gnu/share/../include -I./leveldb/include -I./leveldb/helpers/memenv -I/home/devl/Zero/depends/x86_64-unknown-linux-gnu/include  -I/home/devl/Zero/depends/x86_64-unknown-linux-gnu/include  -I./secp256k1/include -I./univalue/include -I/home/devl/Zero/depends/x86_64-unknown-linux-gnu/include  -I/home/devl/Zero/depends/x86_64-unknown-linux-gnu/include  -I/home/devl/Zero/depends/x86_64-unknown-linux-gnu/share/../include/  -DHAVE_BUILD_INFO -D__STDC_FORMAT_MACROS -DPTHREAD_STACK_MIN=16384  -Wformat -Wformat-security -Wstack-protector -fstack-protector-all  -Wno-deprecated-declarations -Wno-nonnull -fPIE -pipe -O1 -g -fwrapv -fno-strict-aliasing -Wno-builtin-declaration-mismatch -MT libbitcoin_server_a-init.o -MD -MP -MF .deps/libbitcoin_server_a-init.Tpo -c -o libbitcoin_server_a-init.o `test -f 'init.cpp' || echo './'`init.cpp
mv -f .deps/libbitcoin_server_a-init.Tpo .deps/libbitcoin_server_a-init.Po
/home/devl/Zero/depends/x86_64-unknown-linux-gnu/share/../native/bin/ccache g++ -m64 -std=c++11 -DHAVE_CONFIG_H -I. -I../src/config  -U_FORTIFY_SOURCE -D_FORTIFY_SOURCE=2 -I. -I./obj  -pthread -I/home/devl/Zero/depends/x86_64-unknown-linux-gnu/share/../include -I./leveldb/include -I./leveldb/helpers/memenv -I/home/devl/Zero/depends/x86_64-unknown-linux-gnu/include  -I/home/devl/Zero/depends/x86_64-unknown-linux-gnu/include  -I./secp256k1/include -I./univalue/include -I/home/devl/Zero/depends/x86_64-unknown-linux-gnu/include  -I/home/devl/Zero/depends/x86_64-unknown-linux-gnu/include  -I/home/devl/Zero/depends/x86_64-unknown-linux-gnu/share/../include/  -DHAVE_BUILD_INFO -D__STDC_FORMAT_MACROS -DPTHREAD_STACK_MIN=16384  -Wformat -Wformat-security -Wstack-protector -fstack-protector-all  -Wno-deprecated-declarations -Wno-nonnull -fPIE -pipe -O1 -g -fwrapv -fno-strict-aliasing -Wno-builtin-declaration-mismatch -MT libbitcoin_server_a-dbwrapper.o -MD -MP -MF .deps/libbitcoin_server_a-dbwrapper.Tpo -c -o libbitcoin_server_a-dbwrapper.o `test -f 'dbwrapper.cpp' || echo './'`dbwrapper.cpp
mv -f .deps/libbitcoin_server_a-dbwrapper.Tpo .deps/libbitcoin_server_a-dbwrapper.Po
/home/devl/Zero/depends/x86_64-unknown-linux-gnu/share/../native/bin/ccache g++ -m64 -std=c++11 -DHAVE_CONFIG_H -I. -I../src/config  -U_FORTIFY_SOURCE -D_FORTIFY_SOURCE=2 -I. -I./obj  -pthread -I/home/devl/Zero/depends/x86_64-unknown-linux-gnu/share/../include -I./leveldb/include -I./leveldb/helpers/memenv -I/home/devl/Zero/depends/x86_64-unknown-linux-gnu/include  -I/home/devl/Zero/depends/x86_64-unknown-linux-gnu/include  -I./secp256k1/include -I./univalue/include -I/home/devl/Zero/depends/x86_64-unknown-linux-gnu/include  -I/home/devl/Zero/depends/x86_64-unknown-linux-gnu/include  -I/home/devl/Zero/depends/x86_64-unknown-linux-gnu/share/../include/  -DHAVE_BUILD_INFO -D__STDC_FORMAT_MACROS -DPTHREAD_STACK_MIN=16384  -Wformat -Wformat-security -Wstack-protector -fstack-protector-all  -Wno-deprecated-declarations -Wno-nonnull -fPIE -pipe -O1 -g -fwrapv -fno-strict-aliasing -Wno-builtin-declaration-mismatch -MT libbitcoin_server_a-main.o -MD -MP -MF .deps/libbitcoin_server_a-main.Tpo -c -o libbitcoin_server_a-main.o `test -f 'main.cpp' || echo './'`main.cpp
mv -f .deps/libbitcoin_server_a-main.Tpo .deps/libbitcoin_server_a-main.Po
/home/devl/Zero/depends/x86_64-unknown-linux-gnu/share/../native/bin/ccache g++ -m64 -std=c++11 -DHAVE_CONFIG_H -I. -I../src/config  -U_FORTIFY_SOURCE -D_FORTIFY_SOURCE=2 -I. -I./obj  -pthread -I/home/devl/Zero/depends/x86_64-unknown-linux-gnu/share/../include -I./leveldb/include -I./leveldb/helpers/memenv -I/home/devl/Zero/depends/x86_64-unknown-linux-gnu/include  -I/home/devl/Zero/depends/x86_64-unknown-linux-gnu/include  -I./secp256k1/include -I./univalue/include -I/home/devl/Zero/depends/x86_64-unknown-linux-gnu/include  -I/home/devl/Zero/depends/x86_64-unknown-linux-gnu/include  -I/home/devl/Zero/depends/x86_64-unknown-linux-gnu/share/../include/  -DHAVE_BUILD_INFO -D__STDC_FORMAT_MACROS -DPTHREAD_STACK_MIN=16384  -Wformat -Wformat-security -Wstack-protector -fstack-protector-all  -Wno-deprecated-declarations -Wno-nonnull -fPIE -pipe -O1 -g -fwrapv -fno-strict-aliasing -Wno-builtin-declaration-mismatch -MT libbitcoin_server_a-merkleblock.o -MD -MP -MF .deps/libbitcoin_server_a-merkleblock.Tpo -c -o libbitcoin_server_a-merkleblock.o `test -f 'merkleblock.cpp' || echo './'`merkleblock.cpp
mv -f .deps/libbitcoin_server_a-merkleblock.Tpo .deps/libbitcoin_server_a-merkleblock.Po
/home/devl/Zero/depends/x86_64-unknown-linux-gnu/share/../native/bin/ccache g++ -m64 -std=c++11 -DHAVE_CONFIG_H -I. -I../src/config  -U_FORTIFY_SOURCE -D_FORTIFY_SOURCE=2 -I. -I./obj  -pthread -I/home/devl/Zero/depends/x86_64-unknown-linux-gnu/share/../include -I./leveldb/include -I./leveldb/helpers/memenv -I/home/devl/Zero/depends/x86_64-unknown-linux-gnu/include  -I/home/devl/Zero/depends/x86_64-unknown-linux-gnu/include  -I./secp256k1/include -I./univalue/include -I/home/devl/Zero/depends/x86_64-unknown-linux-gnu/include  -I/home/devl/Zero/depends/x86_64-unknown-linux-gnu/include  -I/home/devl/Zero/depends/x86_64-unknown-linux-gnu/share/../include/  -DHAVE_BUILD_INFO -D__STDC_FORMAT_MACROS -DPTHREAD_STACK_MIN=16384  -Wformat -Wformat-security -Wstack-protector -fstack-protector-all  -Wno-deprecated-declarations -Wno-nonnull -fPIE -pipe -O1 -g -fwrapv -fno-strict-aliasing -Wno-builtin-declaration-mismatch -MT libbitcoin_server_a-metrics.o -MD -MP -MF .deps/libbitcoin_server_a-metrics.Tpo -c -o libbitcoin_server_a-metrics.o `test -f 'metrics.cpp' || echo './'`metrics.cpp
mv -f .deps/libbitcoin_server_a-metrics.Tpo .deps/libbitcoin_server_a-metrics.Po
/home/devl/Zero/depends/x86_64-unknown-linux-gnu/share/../native/bin/ccache g++ -m64 -std=c++11 -DHAVE_CONFIG_H -I. -I../src/config  -U_FORTIFY_SOURCE -D_FORTIFY_SOURCE=2 -I. -I./obj  -pthread -I/home/devl/Zero/depends/x86_64-unknown-linux-gnu/share/../include -I./leveldb/include -I./leveldb/helpers/memenv -I/home/devl/Zero/depends/x86_64-unknown-linux-gnu/include  -I/home/devl/Zero/depends/x86_64-unknown-linux-gnu/include  -I./secp256k1/include -I./univalue/include -I/home/devl/Zero/depends/x86_64-unknown-linux-gnu/include  -I/home/devl/Zero/depends/x86_64-unknown-linux-gnu/include  -I/home/devl/Zero/depends/x86_64-unknown-linux-gnu/share/../include/  -DHAVE_BUILD_INFO -D__STDC_FORMAT_MACROS -DPTHREAD_STACK_MIN=16384  -Wformat -Wformat-security -Wstack-protector -fstack-protector-all  -Wno-deprecated-declarations -Wno-nonnull -fPIE -pipe -O1 -g -fwrapv -fno-strict-aliasing -Wno-builtin-declaration-mismatch -MT libbitcoin_server_a-miner.o -MD -MP -MF .deps/libbitcoin_server_a-miner.Tpo -c -o libbitcoin_server_a-miner.o `test -f 'miner.cpp' || echo './'`miner.cpp
mv -f .deps/libbitcoin_server_a-miner.Tpo .deps/libbitcoin_server_a-miner.Po
/home/devl/Zero/depends/x86_64-unknown-linux-gnu/share/../native/bin/ccache g++ -m64 -std=c++11 -DHAVE_CONFIG_H -I. -I../src/config  -U_FORTIFY_SOURCE -D_FORTIFY_SOURCE=2 -I. -I./obj  -pthread -I/home/devl/Zero/depends/x86_64-unknown-linux-gnu/share/../include -I./leveldb/include -I./leveldb/helpers/memenv -I/home/devl/Zero/depends/x86_64-unknown-linux-gnu/include  -I/home/devl/Zero/depends/x86_64-unknown-linux-gnu/include  -I./secp256k1/include -I./univalue/include -I/home/devl/Zero/depends/x86_64-unknown-linux-gnu/include  -I/home/devl/Zero/depends/x86_64-unknown-linux-gnu/include  -I/home/devl/Zero/depends/x86_64-unknown-linux-gnu/share/../include/  -DHAVE_BUILD_INFO -D__STDC_FORMAT_MACROS -DPTHREAD_STACK_MIN=16384  -Wformat -Wformat-security -Wstack-protector -fstack-protector-all  -Wno-deprecated-declarations -Wno-nonnull -fPIE -pipe -O1 -g -fwrapv -fno-strict-aliasing -Wno-builtin-declaration-mismatch -MT libbitcoin_server_a-net.o -MD -MP -MF .deps/libbitcoin_server_a-net.Tpo -c -o libbitcoin_server_a-net.o `test -f 'net.cpp' || echo './'`net.cpp
mv -f .deps/libbitcoin_server_a-net.Tpo .deps/libbitcoin_server_a-net.Po
/home/devl/Zero/depends/x86_64-unknown-linux-gnu/share/../native/bin/ccache g++ -m64 -std=c++11 -DHAVE_CONFIG_H -I. -I../src/config  -U_FORTIFY_SOURCE -D_FORTIFY_SOURCE=2 -I. -I./obj  -pthread -I/home/devl/Zero/depends/x86_64-unknown-linux-gnu/share/../include -I./leveldb/include -I./leveldb/helpers/memenv -I/home/devl/Zero/depends/x86_64-unknown-linux-gnu/include  -I/home/devl/Zero/depends/x86_64-unknown-linux-gnu/include  -I./secp256k1/include -I./univalue/include -I/home/devl/Zero/depends/x86_64-unknown-linux-gnu/include  -I/home/devl/Zero/depends/x86_64-unknown-linux-gnu/include  -I/home/devl/Zero/depends/x86_64-unknown-linux-gnu/share/../include/  -DHAVE_BUILD_INFO -D__STDC_FORMAT_MACROS -DPTHREAD_STACK_MIN=16384  -Wformat -Wformat-security -Wstack-protector -fstack-protector-all  -Wno-deprecated-declarations -Wno-nonnull -fPIE -pipe -O1 -g -fwrapv -fno-strict-aliasing -Wno-builtin-declaration-mismatch -MT libbitcoin_server_a-noui.o -MD -MP -MF .deps/libbitcoin_server_a-noui.Tpo -c -o libbitcoin_server_a-noui.o `test -f 'noui.cpp' || echo './'`noui.cpp
mv -f .deps/libbitcoin_server_a-noui.Tpo .deps/libbitcoin_server_a-noui.Po
/home/devl/Zero/depends/x86_64-unknown-linux-gnu/share/../native/bin/ccache g++ -m64 -std=c++11 -DHAVE_CONFIG_H -I. -I../src/config  -U_FORTIFY_SOURCE -D_FORTIFY_SOURCE=2 -I. -I./obj  -pthread -I/home/devl/Zero/depends/x86_64-unknown-linux-gnu/share/../include -I./leveldb/include -I./leveldb/helpers/memenv -I/home/devl/Zero/depends/x86_64-unknown-linux-gnu/include  -I/home/devl/Zero/depends/x86_64-unknown-linux-gnu/include  -I./secp256k1/include -I./univalue/include -I/home/devl/Zero/depends/x86_64-unknown-linux-gnu/include  -I/home/devl/Zero/depends/x86_64-unknown-linux-gnu/include  -I/home/devl/Zero/depends/x86_64-unknown-linux-gnu/share/../include/  -DHAVE_BUILD_INFO -D__STDC_FORMAT_MACROS -DPTHREAD_STACK_MIN=16384  -Wformat -Wformat-security -Wstack-protector -fstack-protector-all  -Wno-deprecated-declarations -Wno-nonnull -fPIE -pipe -O1 -g -fwrapv -fno-strict-aliasing -Wno-builtin-declaration-mismatch -MT policy/libbitcoin_server_a-fees.o -MD -MP -MF policy/.deps/libbitcoin_server_a-fees.Tpo -c -o policy/libbitcoin_server_a-fees.o `test -f 'policy/fees.cpp' || echo './'`policy/fees.cpp
mv -f policy/.deps/libbitcoin_server_a-fees.Tpo policy/.deps/libbitcoin_server_a-fees.Po
/home/devl/Zero/depends/x86_64-unknown-linux-gnu/share/../native/bin/ccache g++ -m64 -std=c++11 -DHAVE_CONFIG_H -I. -I../src/config  -U_FORTIFY_SOURCE -D_FORTIFY_SOURCE=2 -I. -I./obj  -pthread -I/home/devl/Zero/depends/x86_64-unknown-linux-gnu/share/../include -I./leveldb/include -I./leveldb/helpers/memenv -I/home/devl/Zero/depends/x86_64-unknown-linux-gnu/include  -I/home/devl/Zero/depends/x86_64-unknown-linux-gnu/include  -I./secp256k1/include -I./univalue/include -I/home/devl/Zero/depends/x86_64-unknown-linux-gnu/include  -I/home/devl/Zero/depends/x86_64-unknown-linux-gnu/include  -I/home/devl/Zero/depends/x86_64-unknown-linux-gnu/share/../include/  -DHAVE_BUILD_INFO -D__STDC_FORMAT_MACROS -DPTHREAD_STACK_MIN=16384  -Wformat -Wformat-security -Wstack-protector -fstack-protector-all  -Wno-deprecated-declarations -Wno-nonnull -fPIE -pipe -O1 -g -fwrapv -fno-strict-aliasing -Wno-builtin-declaration-mismatch -MT libbitcoin_server_a-pow.o -MD -MP -MF .deps/libbitcoin_server_a-pow.Tpo -c -o libbitcoin_server_a-pow.o `test -f 'pow.cpp' || echo './'`pow.cpp
mv -f .deps/libbitcoin_server_a-pow.Tpo .deps/libbitcoin_server_a-pow.Po
/home/devl/Zero/depends/x86_64-unknown-linux-gnu/share/../native/bin/ccache g++ -m64 -std=c++11 -DHAVE_CONFIG_H -I. -I../src/config  -U_FORTIFY_SOURCE -D_FORTIFY_SOURCE=2 -I. -I./obj  -pthread -I/home/devl/Zero/depends/x86_64-unknown-linux-gnu/share/../include -I./leveldb/include -I./leveldb/helpers/memenv -I/home/devl/Zero/depends/x86_64-unknown-linux-gnu/include  -I/home/devl/Zero/depends/x86_64-unknown-linux-gnu/include  -I./secp256k1/include -I./univalue/include -I/home/devl/Zero/depends/x86_64-unknown-linux-gnu/include  -I/home/devl/Zero/depends/x86_64-unknown-linux-gnu/include  -I/home/devl/Zero/depends/x86_64-unknown-linux-gnu/share/../include/  -DHAVE_BUILD_INFO -D__STDC_FORMAT_MACROS -DPTHREAD_STACK_MIN=16384  -Wformat -Wformat-security -Wstack-protector -fstack-protector-all  -Wno-deprecated-declarations -Wno-nonnull -fPIE -pipe -O1 -g -fwrapv -fno-strict-aliasing -Wno-builtin-declaration-mismatch -MT libbitcoin_server_a-rest.o -MD -MP -MF .deps/libbitcoin_server_a-rest.Tpo -c -o libbitcoin_server_a-rest.o `test -f 'rest.cpp' || echo './'`rest.cpp
mv -f .deps/libbitcoin_server_a-rest.Tpo .deps/libbitcoin_server_a-rest.Po
/home/devl/Zero/depends/x86_64-unknown-linux-gnu/share/../native/bin/ccache g++ -m64 -std=c++11 -DHAVE_CONFIG_H -I. -I../src/config  -U_FORTIFY_SOURCE -D_FORTIFY_SOURCE=2 -I. -I./obj  -pthread -I/home/devl/Zero/depends/x86_64-unknown-linux-gnu/share/../include -I./leveldb/include -I./leveldb/helpers/memenv -I/home/devl/Zero/depends/x86_64-unknown-linux-gnu/include  -I/home/devl/Zero/depends/x86_64-unknown-linux-gnu/include  -I./secp256k1/include -I./univalue/include -I/home/devl/Zero/depends/x86_64-unknown-linux-gnu/include  -I/home/devl/Zero/depends/x86_64-unknown-linux-gnu/include  -I/home/devl/Zero/depends/x86_64-unknown-linux-gnu/share/../include/  -DHAVE_BUILD_INFO -D__STDC_FORMAT_MACROS -DPTHREAD_STACK_MIN=16384  -Wformat -Wformat-security -Wstack-protector -fstack-protector-all  -Wno-deprecated-declarations -Wno-nonnull -fPIE -pipe -O1 -g -fwrapv -fno-strict-aliasing -Wno-builtin-declaration-mismatch -MT rpc/libbitcoin_server_a-blockchain.o -MD -MP -MF rpc/.deps/libbitcoin_server_a-blockchain.Tpo -c -o rpc/libbitcoin_server_a-blockchain.o `test -f 'rpc/blockchain.cpp' || echo './'`rpc/blockchain.cpp
mv -f rpc/.deps/libbitcoin_server_a-blockchain.Tpo rpc/.deps/libbitcoin_server_a-blockchain.Po
/home/devl/Zero/depends/x86_64-unknown-linux-gnu/share/../native/bin/ccache g++ -m64 -std=c++11 -DHAVE_CONFIG_H -I. -I../src/config  -U_FORTIFY_SOURCE -D_FORTIFY_SOURCE=2 -I. -I./obj  -pthread -I/home/devl/Zero/depends/x86_64-unknown-linux-gnu/share/../include -I./leveldb/include -I./leveldb/helpers/memenv -I/home/devl/Zero/depends/x86_64-unknown-linux-gnu/include  -I/home/devl/Zero/depends/x86_64-unknown-linux-gnu/include  -I./secp256k1/include -I./univalue/include -I/home/devl/Zero/depends/x86_64-unknown-linux-gnu/include  -I/home/devl/Zero/depends/x86_64-unknown-linux-gnu/include  -I/home/devl/Zero/depends/x86_64-unknown-linux-gnu/share/../include/  -DHAVE_BUILD_INFO -D__STDC_FORMAT_MACROS -DPTHREAD_STACK_MIN=16384  -Wformat -Wformat-security -Wstack-protector -fstack-protector-all  -Wno-deprecated-declarations -Wno-nonnull -fPIE -pipe -O1 -g -fwrapv -fno-strict-aliasing -Wno-builtin-declaration-mismatch -MT rpc/libbitcoin_server_a-mining.o -MD -MP -MF rpc/.deps/libbitcoin_server_a-mining.Tpo -c -o rpc/libbitcoin_server_a-mining.o `test -f 'rpc/mining.cpp' || echo './'`rpc/mining.cpp
mv -f rpc/.deps/libbitcoin_server_a-mining.Tpo rpc/.deps/libbitcoin_server_a-mining.Po
/home/devl/Zero/depends/x86_64-unknown-linux-gnu/share/../native/bin/ccache g++ -m64 -std=c++11 -DHAVE_CONFIG_H -I. -I../src/config  -U_FORTIFY_SOURCE -D_FORTIFY_SOURCE=2 -I. -I./obj  -pthread -I/home/devl/Zero/depends/x86_64-unknown-linux-gnu/share/../include -I./leveldb/include -I./leveldb/helpers/memenv -I/home/devl/Zero/depends/x86_64-unknown-linux-gnu/include  -I/home/devl/Zero/depends/x86_64-unknown-linux-gnu/include  -I./secp256k1/include -I./univalue/include -I/home/devl/Zero/depends/x86_64-unknown-linux-gnu/include  -I/home/devl/Zero/depends/x86_64-unknown-linux-gnu/include  -I/home/devl/Zero/depends/x86_64-unknown-linux-gnu/share/../include/  -DHAVE_BUILD_INFO -D__STDC_FORMAT_MACROS -DPTHREAD_STACK_MIN=16384  -Wformat -Wformat-security -Wstack-protector -fstack-protector-all  -Wno-deprecated-declarations -Wno-nonnull -fPIE -pipe -O1 -g -fwrapv -fno-strict-aliasing -Wno-builtin-declaration-mismatch -MT rpc/libbitcoin_server_a-misc.o -MD -MP -MF rpc/.deps/libbitcoin_server_a-misc.Tpo -c -o rpc/libbitcoin_server_a-misc.o `test -f 'rpc/misc.cpp' || echo './'`rpc/misc.cpp
mv -f rpc/.deps/libbitcoin_server_a-misc.Tpo rpc/.deps/libbitcoin_server_a-misc.Po
/home/devl/Zero/depends/x86_64-unknown-linux-gnu/share/../native/bin/ccache g++ -m64 -std=c++11 -DHAVE_CONFIG_H -I. -I../src/config  -U_FORTIFY_SOURCE -D_FORTIFY_SOURCE=2 -I. -I./obj  -pthread -I/home/devl/Zero/depends/x86_64-unknown-linux-gnu/share/../include -I./leveldb/include -I./leveldb/helpers/memenv -I/home/devl/Zero/depends/x86_64-unknown-linux-gnu/include  -I/home/devl/Zero/depends/x86_64-unknown-linux-gnu/include  -I./secp256k1/include -I./univalue/include -I/home/devl/Zero/depends/x86_64-unknown-linux-gnu/include  -I/home/devl/Zero/depends/x86_64-unknown-linux-gnu/include  -I/home/devl/Zero/depends/x86_64-unknown-linux-gnu/share/../include/  -DHAVE_BUILD_INFO -D__STDC_FORMAT_MACROS -DPTHREAD_STACK_MIN=16384  -Wformat -Wformat-security -Wstack-protector -fstack-protector-all  -Wno-deprecated-declarations -Wno-nonnull -fPIE -pipe -O1 -g -fwrapv -fno-strict-aliasing -Wno-builtin-declaration-mismatch -MT rpc/libbitcoin_server_a-net.o -MD -MP -MF rpc/.deps/libbitcoin_server_a-net.Tpo -c -o rpc/libbitcoin_server_a-net.o `test -f 'rpc/net.cpp' || echo './'`rpc/net.cpp
mv -f rpc/.deps/libbitcoin_server_a-net.Tpo rpc/.deps/libbitcoin_server_a-net.Po
/home/devl/Zero/depends/x86_64-unknown-linux-gnu/share/../native/bin/ccache g++ -m64 -std=c++11 -DHAVE_CONFIG_H -I. -I../src/config  -U_FORTIFY_SOURCE -D_FORTIFY_SOURCE=2 -I. -I./obj  -pthread -I/home/devl/Zero/depends/x86_64-unknown-linux-gnu/share/../include -I./leveldb/include -I./leveldb/helpers/memenv -I/home/devl/Zero/depends/x86_64-unknown-linux-gnu/include  -I/home/devl/Zero/depends/x86_64-unknown-linux-gnu/include  -I./secp256k1/include -I./univalue/include -I/home/devl/Zero/depends/x86_64-unknown-linux-gnu/include  -I/home/devl/Zero/depends/x86_64-unknown-linux-gnu/include  -I/home/devl/Zero/depends/x86_64-unknown-linux-gnu/share/../include/  -DHAVE_BUILD_INFO -D__STDC_FORMAT_MACROS -DPTHREAD_STACK_MIN=16384  -Wformat -Wformat-security -Wstack-protector -fstack-protector-all  -Wno-deprecated-declarations -Wno-nonnull -fPIE -pipe -O1 -g -fwrapv -fno-strict-aliasing -Wno-builtin-declaration-mismatch -MT rpc/libbitcoin_server_a-rawtransaction.o -MD -MP -MF rpc/.deps/libbitcoin_server_a-rawtransaction.Tpo -c -o rpc/libbitcoin_server_a-rawtransaction.o `test -f 'rpc/rawtransaction.cpp' || echo './'`rpc/rawtransaction.cpp
mv -f rpc/.deps/libbitcoin_server_a-rawtransaction.Tpo rpc/.deps/libbitcoin_server_a-rawtransaction.Po
/home/devl/Zero/depends/x86_64-unknown-linux-gnu/share/../native/bin/ccache g++ -m64 -std=c++11 -DHAVE_CONFIG_H -I. -I../src/config  -U_FORTIFY_SOURCE -D_FORTIFY_SOURCE=2 -I. -I./obj  -pthread -I/home/devl/Zero/depends/x86_64-unknown-linux-gnu/share/../include -I./leveldb/include -I./leveldb/helpers/memenv -I/home/devl/Zero/depends/x86_64-unknown-linux-gnu/include  -I/home/devl/Zero/depends/x86_64-unknown-linux-gnu/include  -I./secp256k1/include -I./univalue/include -I/home/devl/Zero/depends/x86_64-unknown-linux-gnu/include  -I/home/devl/Zero/depends/x86_64-unknown-linux-gnu/include  -I/home/devl/Zero/depends/x86_64-unknown-linux-gnu/share/../include/  -DHAVE_BUILD_INFO -D__STDC_FORMAT_MACROS -DPTHREAD_STACK_MIN=16384  -Wformat -Wformat-security -Wstack-protector -fstack-protector-all  -Wno-deprecated-declarations -Wno-nonnull -fPIE -pipe -O1 -g -fwrapv -fno-strict-aliasing -Wno-builtin-declaration-mismatch -MT rpc/libbitcoin_server_a-server.o -MD -MP -MF rpc/.deps/libbitcoin_server_a-server.Tpo -c -o rpc/libbitcoin_server_a-server.o `test -f 'rpc/server.cpp' || echo './'`rpc/server.cpp
mv -f rpc/.deps/libbitcoin_server_a-server.Tpo rpc/.deps/libbitcoin_server_a-server.Po
/home/devl/Zero/depends/x86_64-unknown-linux-gnu/share/../native/bin/ccache g++ -m64 -std=c++11 -DHAVE_CONFIG_H -I. -I../src/config  -U_FORTIFY_SOURCE -D_FORTIFY_SOURCE=2 -I. -I./obj  -pthread -I/home/devl/Zero/depends/x86_64-unknown-linux-gnu/share/../include -I./leveldb/include -I./leveldb/helpers/memenv -I/home/devl/Zero/depends/x86_64-unknown-linux-gnu/include  -I/home/devl/Zero/depends/x86_64-unknown-linux-gnu/include  -I./secp256k1/include -I./univalue/include -I/home/devl/Zero/depends/x86_64-unknown-linux-gnu/include  -I/home/devl/Zero/depends/x86_64-unknown-linux-gnu/include  -I/home/devl/Zero/depends/x86_64-unknown-linux-gnu/share/../include/  -DHAVE_BUILD_INFO -D__STDC_FORMAT_MACROS -DPTHREAD_STACK_MIN=16384  -Wformat -Wformat-security -Wstack-protector -fstack-protector-all  -Wno-deprecated-declarations -Wno-nonnull -fPIE -pipe -O1 -g -fwrapv -fno-strict-aliasing -Wno-builtin-declaration-mismatch -MT rpc/libbitcoin_server_a-zeronode.o -MD -MP -MF rpc/.deps/libbitcoin_server_a-zeronode.Tpo -c -o rpc/libbitcoin_server_a-zeronode.o `test -f 'rpc/zeronode.cpp' || echo './'`rpc/zeronode.cpp
mv -f rpc/.deps/libbitcoin_server_a-zeronode.Tpo rpc/.deps/libbitcoin_server_a-zeronode.Po
/home/devl/Zero/depends/x86_64-unknown-linux-gnu/share/../native/bin/ccache g++ -m64 -std=c++11 -DHAVE_CONFIG_H -I. -I../src/config  -U_FORTIFY_SOURCE -D_FORTIFY_SOURCE=2 -I. -I./obj  -pthread -I/home/devl/Zero/depends/x86_64-unknown-linux-gnu/share/../include -I./leveldb/include -I./leveldb/helpers/memenv -I/home/devl/Zero/depends/x86_64-unknown-linux-gnu/include  -I/home/devl/Zero/depends/x86_64-unknown-linux-gnu/include  -I./secp256k1/include -I./univalue/include -I/home/devl/Zero/depends/x86_64-unknown-linux-gnu/include  -I/home/devl/Zero/depends/x86_64-unknown-linux-gnu/include  -I/home/devl/Zero/depends/x86_64-unknown-linux-gnu/share/../include/  -DHAVE_BUILD_INFO -D__STDC_FORMAT_MACROS -DPTHREAD_STACK_MIN=16384  -Wformat -Wformat-security -Wstack-protector -fstack-protector-all  -Wno-deprecated-declarations -Wno-nonnull -fPIE -pipe -O1 -g -fwrapv -fno-strict-aliasing -Wno-builtin-declaration-mismatch -MT rpc/libbitcoin_server_a-zeronode-budget.o -MD -MP -MF rpc/.deps/libbitcoin_server_a-zeronode-budget.Tpo -c -o rpc/libbitcoin_server_a-zeronode-budget.o `test -f 'rpc/zeronode-budget.cpp' || echo './'`rpc/zeronode-budget.cpp
mv -f rpc/.deps/libbitcoin_server_a-zeronode-budget.Tpo rpc/.deps/libbitcoin_server_a-zeronode-budget.Po
/home/devl/Zero/depends/x86_64-unknown-linux-gnu/share/../native/bin/ccache g++ -m64 -std=c++11 -DHAVE_CONFIG_H -I. -I../src/config  -U_FORTIFY_SOURCE -D_FORTIFY_SOURCE=2 -I. -I./obj  -pthread -I/home/devl/Zero/depends/x86_64-unknown-linux-gnu/share/../include -I./leveldb/include -I./leveldb/helpers/memenv -I/home/devl/Zero/depends/x86_64-unknown-linux-gnu/include  -I/home/devl/Zero/depends/x86_64-unknown-linux-gnu/include  -I./secp256k1/include -I./univalue/include -I/home/devl/Zero/depends/x86_64-unknown-linux-gnu/include  -I/home/devl/Zero/depends/x86_64-unknown-linux-gnu/include  -I/home/devl/Zero/depends/x86_64-unknown-linux-gnu/share/../include/  -DHAVE_BUILD_INFO -D__STDC_FORMAT_MACROS -DPTHREAD_STACK_MIN=16384  -Wformat -Wformat-security -Wstack-protector -fstack-protector-all  -Wno-deprecated-declarations -Wno-nonnull -fPIE -pipe -O1 -g -fwrapv -fno-strict-aliasing -Wno-builtin-declaration-mismatch -MT rpc/libbitcoin_server_a-spork.o -MD -MP -MF rpc/.deps/libbitcoin_server_a-spork.Tpo -c -o rpc/libbitcoin_server_a-spork.o `test -f 'rpc/spork.cpp' || echo './'`rpc/spork.cpp
mv -f rpc/.deps/libbitcoin_server_a-spork.Tpo rpc/.deps/libbitcoin_server_a-spork.Po
/home/devl/Zero/depends/x86_64-unknown-linux-gnu/share/../native/bin/ccache g++ -m64 -std=c++11 -DHAVE_CONFIG_H -I. -I../src/config  -U_FORTIFY_SOURCE -D_FORTIFY_SOURCE=2 -I. -I./obj  -pthread -I/home/devl/Zero/depends/x86_64-unknown-linux-gnu/share/../include -I./leveldb/include -I./leveldb/helpers/memenv -I/home/devl/Zero/depends/x86_64-unknown-linux-gnu/include  -I/home/devl/Zero/depends/x86_64-unknown-linux-gnu/include  -I./secp256k1/include -I./univalue/include -I/home/devl/Zero/depends/x86_64-unknown-linux-gnu/include  -I/home/devl/Zero/depends/x86_64-unknown-linux-gnu/include  -I/home/devl/Zero/depends/x86_64-unknown-linux-gnu/share/../include/  -DHAVE_BUILD_INFO -D__STDC_FORMAT_MACROS -DPTHREAD_STACK_MIN=16384  -Wformat -Wformat-security -Wstack-protector -fstack-protector-all  -Wno-deprecated-declarations -Wno-nonnull -fPIE -pipe -O1 -g -fwrapv -fno-strict-aliasing -Wno-builtin-declaration-mismatch -MT script/libbitcoin_server_a-sigcache.o -MD -MP -MF script/.deps/libbitcoin_server_a-sigcache.Tpo -c -o script/libbitcoin_server_a-sigcache.o `test -f 'script/sigcache.cpp' || echo './'`script/sigcache.cpp
mv -f script/.deps/libbitcoin_server_a-sigcache.Tpo script/.deps/libbitcoin_server_a-sigcache.Po
/home/devl/Zero/depends/x86_64-unknown-linux-gnu/share/../native/bin/ccache g++ -m64 -std=c++11 -DHAVE_CONFIG_H -I. -I../src/config  -U_FORTIFY_SOURCE -D_FORTIFY_SOURCE=2 -I. -I./obj  -pthread -I/home/devl/Zero/depends/x86_64-unknown-linux-gnu/share/../include -I./leveldb/include -I./leveldb/helpers/memenv -I/home/devl/Zero/depends/x86_64-unknown-linux-gnu/include  -I/home/devl/Zero/depends/x86_64-unknown-linux-gnu/include  -I./secp256k1/include -I./univalue/include -I/home/devl/Zero/depends/x86_64-unknown-linux-gnu/include  -I/home/devl/Zero/depends/x86_64-unknown-linux-gnu/include  -I/home/devl/Zero/depends/x86_64-unknown-linux-gnu/share/../include/  -DHAVE_BUILD_INFO -D__STDC_FORMAT_MACROS -DPTHREAD_STACK_MIN=16384  -Wformat -Wformat-security -Wstack-protector -fstack-protector-all  -Wno-deprecated-declarations -Wno-nonnull -fPIE -pipe -O1 -g -fwrapv -fno-strict-aliasing -Wno-builtin-declaration-mismatch -MT zeronode/libbitcoin_server_a-sporkdb.o -MD -MP -MF zeronode/.deps/libbitcoin_server_a-sporkdb.Tpo -c -o zeronode/libbitcoin_server_a-sporkdb.o `test -f 'zeronode/sporkdb.cpp' || echo './'`zeronode/sporkdb.cpp
mv -f zeronode/.deps/libbitcoin_server_a-sporkdb.Tpo zeronode/.deps/libbitcoin_server_a-sporkdb.Po
/home/devl/Zero/depends/x86_64-unknown-linux-gnu/share/../native/bin/ccache g++ -m64 -std=c++11 -DHAVE_CONFIG_H -I. -I../src/config  -U_FORTIFY_SOURCE -D_FORTIFY_SOURCE=2 -I. -I./obj  -pthread -I/home/devl/Zero/depends/x86_64-unknown-linux-gnu/share/../include -I./leveldb/include -I./leveldb/helpers/memenv -I/home/devl/Zero/depends/x86_64-unknown-linux-gnu/include  -I/home/devl/Zero/depends/x86_64-unknown-linux-gnu/include  -I./secp256k1/include -I./univalue/include -I/home/devl/Zero/depends/x86_64-unknown-linux-gnu/include  -I/home/devl/Zero/depends/x86_64-unknown-linux-gnu/include  -I/home/devl/Zero/depends/x86_64-unknown-linux-gnu/share/../include/  -DHAVE_BUILD_INFO -D__STDC_FORMAT_MACROS -DPTHREAD_STACK_MIN=16384  -Wformat -Wformat-security -Wstack-protector -fstack-protector-all  -Wno-deprecated-declarations -Wno-nonnull -fPIE -pipe -O1 -g -fwrapv -fno-strict-aliasing -Wno-builtin-declaration-mismatch -MT zeronode/libbitcoin_server_a-zeronode.o -MD -MP -MF zeronode/.deps/libbitcoin_server_a-zeronode.Tpo -c -o zeronode/libbitcoin_server_a-zeronode.o `test -f 'zeronode/zeronode.cpp' || echo './'`zeronode/zeronode.cpp
mv -f zeronode/.deps/libbitcoin_server_a-zeronode.Tpo zeronode/.deps/libbitcoin_server_a-zeronode.Po
/home/devl/Zero/depends/x86_64-unknown-linux-gnu/share/../native/bin/ccache g++ -m64 -std=c++11 -DHAVE_CONFIG_H -I. -I../src/config  -U_FORTIFY_SOURCE -D_FORTIFY_SOURCE=2 -I. -I./obj  -pthread -I/home/devl/Zero/depends/x86_64-unknown-linux-gnu/share/../include -I./leveldb/include -I./leveldb/helpers/memenv -I/home/devl/Zero/depends/x86_64-unknown-linux-gnu/include  -I/home/devl/Zero/depends/x86_64-unknown-linux-gnu/include  -I./secp256k1/include -I./univalue/include -I/home/devl/Zero/depends/x86_64-unknown-linux-gnu/include  -I/home/devl/Zero/depends/x86_64-unknown-linux-gnu/include  -I/home/devl/Zero/depends/x86_64-unknown-linux-gnu/share/../include/  -DHAVE_BUILD_INFO -D__STDC_FORMAT_MACROS -DPTHREAD_STACK_MIN=16384  -Wformat -Wformat-security -Wstack-protector -fstack-protector-all  -Wno-deprecated-declarations -Wno-nonnull -fPIE -pipe -O1 -g -fwrapv -fno-strict-aliasing -Wno-builtin-declaration-mismatch -MT zeronode/libbitcoin_server_a-budget.o -MD -MP -MF zeronode/.deps/libbitcoin_server_a-budget.Tpo -c -o zeronode/libbitcoin_server_a-budget.o `test -f 'zeronode/budget.cpp' || echo './'`zeronode/budget.cpp
mv -f zeronode/.deps/libbitcoin_server_a-budget.Tpo zeronode/.deps/libbitcoin_server_a-budget.Po
/home/devl/Zero/depends/x86_64-unknown-linux-gnu/share/../native/bin/ccache g++ -m64 -std=c++11 -DHAVE_CONFIG_H -I. -I../src/config  -U_FORTIFY_SOURCE -D_FORTIFY_SOURCE=2 -I. -I./obj  -pthread -I/home/devl/Zero/depends/x86_64-unknown-linux-gnu/share/../include -I./leveldb/include -I./leveldb/helpers/memenv -I/home/devl/Zero/depends/x86_64-unknown-linux-gnu/include  -I/home/devl/Zero/depends/x86_64-unknown-linux-gnu/include  -I./secp256k1/include -I./univalue/include -I/home/devl/Zero/depends/x86_64-unknown-linux-gnu/include  -I/home/devl/Zero/depends/x86_64-unknown-linux-gnu/include  -I/home/devl/Zero/depends/x86_64-unknown-linux-gnu/share/../include/  -DHAVE_BUILD_INFO -D__STDC_FORMAT_MACROS -DPTHREAD_STACK_MIN=16384  -Wformat -Wformat-security -Wstack-protector -fstack-protector-all  -Wno-deprecated-declarations -Wno-nonnull -fPIE -pipe -O1 -g -fwrapv -fno-strict-aliasing -Wno-builtin-declaration-mismatch -MT zeronode/libbitcoin_server_a-payments.o -MD -MP -MF zeronode/.deps/libbitcoin_server_a-payments.Tpo -c -o zeronode/libbitcoin_server_a-payments.o `test -f 'zeronode/payments.cpp' || echo './'`zeronode/payments.cpp
mv -f zeronode/.deps/libbitcoin_server_a-payments.Tpo zeronode/.deps/libbitcoin_server_a-payments.Po
/home/devl/Zero/depends/x86_64-unknown-linux-gnu/share/../native/bin/ccache g++ -m64 -std=c++11 -DHAVE_CONFIG_H -I. -I../src/config  -U_FORTIFY_SOURCE -D_FORTIFY_SOURCE=2 -I. -I./obj  -pthread -I/home/devl/Zero/depends/x86_64-unknown-linux-gnu/share/../include -I./leveldb/include -I./leveldb/helpers/memenv -I/home/devl/Zero/depends/x86_64-unknown-linux-gnu/include  -I/home/devl/Zero/depends/x86_64-unknown-linux-gnu/include  -I./secp256k1/include -I./univalue/include -I/home/devl/Zero/depends/x86_64-unknown-linux-gnu/include  -I/home/devl/Zero/depends/x86_64-unknown-linux-gnu/include  -I/home/devl/Zero/depends/x86_64-unknown-linux-gnu/share/../include/  -DHAVE_BUILD_INFO -D__STDC_FORMAT_MACROS -DPTHREAD_STACK_MIN=16384  -Wformat -Wformat-security -Wstack-protector -fstack-protector-all  -Wno-deprecated-declarations -Wno-nonnull -fPIE -pipe -O1 -g -fwrapv -fno-strict-aliasing -Wno-builtin-declaration-mismatch -MT zeronode/libbitcoin_server_a-zeronode-sync.o -MD -MP -MF zeronode/.deps/libbitcoin_server_a-zeronode-sync.Tpo -c -o zeronode/libbitcoin_server_a-zeronode-sync.o `test -f 'zeronode/zeronode-sync.cpp' || echo './'`zeronode/zeronode-sync.cpp
mv -f zeronode/.deps/libbitcoin_server_a-zeronode-sync.Tpo zeronode/.deps/libbitcoin_server_a-zeronode-sync.Po
/home/devl/Zero/depends/x86_64-unknown-linux-gnu/share/../native/bin/ccache g++ -m64 -std=c++11 -DHAVE_CONFIG_H -I. -I../src/config  -U_FORTIFY_SOURCE -D_FORTIFY_SOURCE=2 -I. -I./obj  -pthread -I/home/devl/Zero/depends/x86_64-unknown-linux-gnu/share/../include -I./leveldb/include -I./leveldb/helpers/memenv -I/home/devl/Zero/depends/x86_64-unknown-linux-gnu/include  -I/home/devl/Zero/depends/x86_64-unknown-linux-gnu/include  -I./secp256k1/include -I./univalue/include -I/home/devl/Zero/depends/x86_64-unknown-linux-gnu/include  -I/home/devl/Zero/depends/x86_64-unknown-linux-gnu/include  -I/home/devl/Zero/depends/x86_64-unknown-linux-gnu/share/../include/  -DHAVE_BUILD_INFO -D__STDC_FORMAT_MACROS -DPTHREAD_STACK_MIN=16384  -Wformat -Wformat-security -Wstack-protector -fstack-protector-all  -Wno-deprecated-declarations -Wno-nonnull -fPIE -pipe -O1 -g -fwrapv -fno-strict-aliasing -Wno-builtin-declaration-mismatch -MT zeronode/libbitcoin_server_a-zeronodeman.o -MD -MP -MF zeronode/.deps/libbitcoin_server_a-zeronodeman.Tpo -c -o zeronode/libbitcoin_server_a-zeronodeman.o `test -f 'zeronode/zeronodeman.cpp' || echo './'`zeronode/zeronodeman.cpp
mv -f zeronode/.deps/libbitcoin_server_a-zeronodeman.Tpo zeronode/.deps/libbitcoin_server_a-zeronodeman.Po
/home/devl/Zero/depends/x86_64-unknown-linux-gnu/share/../native/bin/ccache g++ -m64 -std=c++11 -DHAVE_CONFIG_H -I. -I../src/config  -U_FORTIFY_SOURCE -D_FORTIFY_SOURCE=2 -I. -I./obj  -pthread -I/home/devl/Zero/depends/x86_64-unknown-linux-gnu/share/../include -I./leveldb/include -I./leveldb/helpers/memenv -I/home/devl/Zero/depends/x86_64-unknown-linux-gnu/include  -I/home/devl/Zero/depends/x86_64-unknown-linux-gnu/include  -I./secp256k1/include -I./univalue/include -I/home/devl/Zero/depends/x86_64-unknown-linux-gnu/include  -I/home/devl/Zero/depends/x86_64-unknown-linux-gnu/include  -I/home/devl/Zero/depends/x86_64-unknown-linux-gnu/share/../include/  -DHAVE_BUILD_INFO -D__STDC_FORMAT_MACROS -DPTHREAD_STACK_MIN=16384  -Wformat -Wformat-security -Wstack-protector -fstack-protector-all  -Wno-deprecated-declarations -Wno-nonnull -fPIE -pipe -O1 -g -fwrapv -fno-strict-aliasing -Wno-builtin-declaration-mismatch -MT zeronode/libbitcoin_server_a-spork.o -MD -MP -MF zeronode/.deps/libbitcoin_server_a-spork.Tpo -c -o zeronode/libbitcoin_server_a-spork.o `test -f 'zeronode/spork.cpp' || echo './'`zeronode/spork.cpp
mv -f zeronode/.deps/libbitcoin_server_a-spork.Tpo zeronode/.deps/libbitcoin_server_a-spork.Po
/home/devl/Zero/depends/x86_64-unknown-linux-gnu/share/../native/bin/ccache g++ -m64 -std=c++11 -DHAVE_CONFIG_H -I. -I../src/config  -U_FORTIFY_SOURCE -D_FORTIFY_SOURCE=2 -I. -I./obj  -pthread -I/home/devl/Zero/depends/x86_64-unknown-linux-gnu/share/../include -I./leveldb/include -I./leveldb/helpers/memenv -I/home/devl/Zero/depends/x86_64-unknown-linux-gnu/include  -I/home/devl/Zero/depends/x86_64-unknown-linux-gnu/include  -I./secp256k1/include -I./univalue/include -I/home/devl/Zero/depends/x86_64-unknown-linux-gnu/include  -I/home/devl/Zero/depends/x86_64-unknown-linux-gnu/include  -I/home/devl/Zero/depends/x86_64-unknown-linux-gnu/share/../include/  -DHAVE_BUILD_INFO -D__STDC_FORMAT_MACROS -DPTHREAD_STACK_MIN=16384  -Wformat -Wformat-security -Wstack-protector -fstack-protector-all  -Wno-deprecated-declarations -Wno-nonnull -fPIE -pipe -O1 -g -fwrapv -fno-strict-aliasing -Wno-builtin-declaration-mismatch -MT zeronode/libbitcoin_server_a-obfuscation.o -MD -MP -MF zeronode/.deps/libbitcoin_server_a-obfuscation.Tpo -c -o zeronode/libbitcoin_server_a-obfuscation.o `test -f 'zeronode/obfuscation.cpp' || echo './'`zeronode/obfuscation.cpp
mv -f zeronode/.deps/libbitcoin_server_a-obfuscation.Tpo zeronode/.deps/libbitcoin_server_a-obfuscation.Po
/home/devl/Zero/depends/x86_64-unknown-linux-gnu/share/../native/bin/ccache g++ -m64 -std=c++11 -DHAVE_CONFIG_H -I. -I../src/config  -U_FORTIFY_SOURCE -D_FORTIFY_SOURCE=2 -I. -I./obj  -pthread -I/home/devl/Zero/depends/x86_64-unknown-linux-gnu/share/../include -I./leveldb/include -I./leveldb/helpers/memenv -I/home/devl/Zero/depends/x86_64-unknown-linux-gnu/include  -I/home/devl/Zero/depends/x86_64-unknown-linux-gnu/include  -I./secp256k1/include -I./univalue/include -I/home/devl/Zero/depends/x86_64-unknown-linux-gnu/include  -I/home/devl/Zero/depends/x86_64-unknown-linux-gnu/include  -I/home/devl/Zero/depends/x86_64-unknown-linux-gnu/share/../include/  -DHAVE_BUILD_INFO -D__STDC_FORMAT_MACROS -DPTHREAD_STACK_MIN=16384  -Wformat -Wformat-security -Wstack-protector -fstack-protector-all  -Wno-deprecated-declarations -Wno-nonnull -fPIE -pipe -O1 -g -fwrapv -fno-strict-aliasing -Wno-builtin-declaration-mismatch -MT zeronode/libbitcoin_server_a-activezeronode.o -MD -MP -MF zeronode/.deps/libbitcoin_server_a-activezeronode.Tpo -c -o zeronode/libbitcoin_server_a-activezeronode.o `test -f 'zeronode/activezeronode.cpp' || echo './'`zeronode/activezeronode.cpp
mv -f zeronode/.deps/libbitcoin_server_a-activezeronode.Tpo zeronode/.deps/libbitcoin_server_a-activezeronode.Po
/home/devl/Zero/depends/x86_64-unknown-linux-gnu/share/../native/bin/ccache g++ -m64 -std=c++11 -DHAVE_CONFIG_H -I. -I../src/config  -U_FORTIFY_SOURCE -D_FORTIFY_SOURCE=2 -I. -I./obj  -pthread -I/home/devl/Zero/depends/x86_64-unknown-linux-gnu/share/../include -I./leveldb/include -I./leveldb/helpers/memenv -I/home/devl/Zero/depends/x86_64-unknown-linux-gnu/include  -I/home/devl/Zero/depends/x86_64-unknown-linux-gnu/include  -I./secp256k1/include -I./univalue/include -I/home/devl/Zero/depends/x86_64-unknown-linux-gnu/include  -I/home/devl/Zero/depends/x86_64-unknown-linux-gnu/include  -I/home/devl/Zero/depends/x86_64-unknown-linux-gnu/share/../include/  -DHAVE_BUILD_INFO -D__STDC_FORMAT_MACROS -DPTHREAD_STACK_MIN=16384  -Wformat -Wformat-security -Wstack-protector -fstack-protector-all  -Wno-deprecated-declarations -Wno-nonnull -fPIE -pipe -O1 -g -fwrapv -fno-strict-aliasing -Wno-builtin-declaration-mismatch -MT zeronode/libbitcoin_server_a-swifttx.o -MD -MP -MF zeronode/.deps/libbitcoin_server_a-swifttx.Tpo -c -o zeronode/libbitcoin_server_a-swifttx.o `test -f 'zeronode/swifttx.cpp' || echo './'`zeronode/swifttx.cpp
mv -f zeronode/.deps/libbitcoin_server_a-swifttx.Tpo zeronode/.deps/libbitcoin_server_a-swifttx.Po
/home/devl/Zero/depends/x86_64-unknown-linux-gnu/share/../native/bin/ccache g++ -m64 -std=c++11 -DHAVE_CONFIG_H -I. -I../src/config  -U_FORTIFY_SOURCE -D_FORTIFY_SOURCE=2 -I. -I./obj  -pthread -I/home/devl/Zero/depends/x86_64-unknown-linux-gnu/share/../include -I./leveldb/include -I./leveldb/helpers/memenv -I/home/devl/Zero/depends/x86_64-unknown-linux-gnu/include  -I/home/devl/Zero/depends/x86_64-unknown-linux-gnu/include  -I./secp256k1/include -I./univalue/include -I/home/devl/Zero/depends/x86_64-unknown-linux-gnu/include  -I/home/devl/Zero/depends/x86_64-unknown-linux-gnu/include  -I/home/devl/Zero/depends/x86_64-unknown-linux-gnu/share/../include/  -DHAVE_BUILD_INFO -D__STDC_FORMAT_MACROS -DPTHREAD_STACK_MIN=16384  -Wformat -Wformat-security -Wstack-protector -fstack-protector-all  -Wno-deprecated-declarations -Wno-nonnull -fPIE -pipe -O1 -g -fwrapv -fno-strict-aliasing -Wno-builtin-declaration-mismatch -MT zeronode/libbitcoin_server_a-zeronodeconfig.o -MD -MP -MF zeronode/.deps/libbitcoin_server_a-zeronodeconfig.Tpo -c -o zeronode/libbitcoin_server_a-zeronodeconfig.o `test -f 'zeronode/zeronodeconfig.cpp' || echo './'`zeronode/zeronodeconfig.cpp
mv -f zeronode/.deps/libbitcoin_server_a-zeronodeconfig.Tpo zeronode/.deps/libbitcoin_server_a-zeronodeconfig.Po
/home/devl/Zero/depends/x86_64-unknown-linux-gnu/share/../native/bin/ccache g++ -m64 -std=c++11 -DHAVE_CONFIG_H -I. -I../src/config  -U_FORTIFY_SOURCE -D_FORTIFY_SOURCE=2 -I. -I./obj  -pthread -I/home/devl/Zero/depends/x86_64-unknown-linux-gnu/share/../include -I./leveldb/include -I./leveldb/helpers/memenv -I/home/devl/Zero/depends/x86_64-unknown-linux-gnu/include  -I/home/devl/Zero/depends/x86_64-unknown-linux-gnu/include  -I./secp256k1/include -I./univalue/include -I/home/devl/Zero/depends/x86_64-unknown-linux-gnu/include  -I/home/devl/Zero/depends/x86_64-unknown-linux-gnu/include  -I/home/devl/Zero/depends/x86_64-unknown-linux-gnu/share/../include/  -DHAVE_BUILD_INFO -D__STDC_FORMAT_MACROS -DPTHREAD_STACK_MIN=16384  -Wformat -Wformat-security -Wstack-protector -fstack-protector-all  -Wno-deprecated-declarations -Wno-nonnull -fPIE -pipe -O1 -g -fwrapv -fno-strict-aliasing -Wno-builtin-declaration-mismatch -MT libbitcoin_server_a-timedata.o -MD -MP -MF .deps/libbitcoin_server_a-timedata.Tpo -c -o libbitcoin_server_a-timedata.o `test -f 'timedata.cpp' || echo './'`timedata.cpp
mv -f .deps/libbitcoin_server_a-timedata.Tpo .deps/libbitcoin_server_a-timedata.Po
/home/devl/Zero/depends/x86_64-unknown-linux-gnu/share/../native/bin/ccache g++ -m64 -std=c++11 -DHAVE_CONFIG_H -I. -I../src/config  -U_FORTIFY_SOURCE -D_FORTIFY_SOURCE=2 -I. -I./obj  -pthread -I/home/devl/Zero/depends/x86_64-unknown-linux-gnu/share/../include -I./leveldb/include -I./leveldb/helpers/memenv -I/home/devl/Zero/depends/x86_64-unknown-linux-gnu/include  -I/home/devl/Zero/depends/x86_64-unknown-linux-gnu/include  -I./secp256k1/include -I./univalue/include -I/home/devl/Zero/depends/x86_64-unknown-linux-gnu/include  -I/home/devl/Zero/depends/x86_64-unknown-linux-gnu/include  -I/home/devl/Zero/depends/x86_64-unknown-linux-gnu/share/../include/  -DHAVE_BUILD_INFO -D__STDC_FORMAT_MACROS -DPTHREAD_STACK_MIN=16384  -Wformat -Wformat-security -Wstack-protector -fstack-protector-all  -Wno-deprecated-declarations -Wno-nonnull -fPIE -pipe -O1 -g -fwrapv -fno-strict-aliasing -Wno-builtin-declaration-mismatch -MT libbitcoin_server_a-torcontrol.o -MD -MP -MF .deps/libbitcoin_server_a-torcontrol.Tpo -c -o libbitcoin_server_a-torcontrol.o `test -f 'torcontrol.cpp' || echo './'`torcontrol.cpp
mv -f .deps/libbitcoin_server_a-torcontrol.Tpo .deps/libbitcoin_server_a-torcontrol.Po
/home/devl/Zero/depends/x86_64-unknown-linux-gnu/share/../native/bin/ccache g++ -m64 -std=c++11 -DHAVE_CONFIG_H -I. -I../src/config  -U_FORTIFY_SOURCE -D_FORTIFY_SOURCE=2 -I. -I./obj  -pthread -I/home/devl/Zero/depends/x86_64-unknown-linux-gnu/share/../include -I./leveldb/include -I./leveldb/helpers/memenv -I/home/devl/Zero/depends/x86_64-unknown-linux-gnu/include  -I/home/devl/Zero/depends/x86_64-unknown-linux-gnu/include  -I./secp256k1/include -I./univalue/include -I/home/devl/Zero/depends/x86_64-unknown-linux-gnu/include  -I/home/devl/Zero/depends/x86_64-unknown-linux-gnu/include  -I/home/devl/Zero/depends/x86_64-unknown-linux-gnu/share/../include/  -DHAVE_BUILD_INFO -D__STDC_FORMAT_MACROS -DPTHREAD_STACK_MIN=16384  -Wformat -Wformat-security -Wstack-protector -fstack-protector-all  -Wno-deprecated-declarations -Wno-nonnull -fPIE -pipe -O1 -g -fwrapv -fno-strict-aliasing -Wno-builtin-declaration-mismatch -MT libbitcoin_server_a-txdb.o -MD -MP -MF .deps/libbitcoin_server_a-txdb.Tpo -c -o libbitcoin_server_a-txdb.o `test -f 'txdb.cpp' || echo './'`txdb.cpp
mv -f .deps/libbitcoin_server_a-txdb.Tpo .deps/libbitcoin_server_a-txdb.Po
/home/devl/Zero/depends/x86_64-unknown-linux-gnu/share/../native/bin/ccache g++ -m64 -std=c++11 -DHAVE_CONFIG_H -I. -I../src/config  -U_FORTIFY_SOURCE -D_FORTIFY_SOURCE=2 -I. -I./obj  -pthread -I/home/devl/Zero/depends/x86_64-unknown-linux-gnu/share/../include -I./leveldb/include -I./leveldb/helpers/memenv -I/home/devl/Zero/depends/x86_64-unknown-linux-gnu/include  -I/home/devl/Zero/depends/x86_64-unknown-linux-gnu/include  -I./secp256k1/include -I./univalue/include -I/home/devl/Zero/depends/x86_64-unknown-linux-gnu/include  -I/home/devl/Zero/depends/x86_64-unknown-linux-gnu/include  -I/home/devl/Zero/depends/x86_64-unknown-linux-gnu/share/../include/  -DHAVE_BUILD_INFO -D__STDC_FORMAT_MACROS -DPTHREAD_STACK_MIN=16384  -Wformat -Wformat-security -Wstack-protector -fstack-protector-all  -Wno-deprecated-declarations -Wno-nonnull -fPIE -pipe -O1 -g -fwrapv -fno-strict-aliasing -Wno-builtin-declaration-mismatch -MT libbitcoin_server_a-mempool_limit.o -MD -MP -MF .deps/libbitcoin_server_a-mempool_limit.Tpo -c -o libbitcoin_server_a-mempool_limit.o `test -f 'mempool_limit.cpp' || echo './'`mempool_limit.cpp
mv -f .deps/libbitcoin_server_a-mempool_limit.Tpo .deps/libbitcoin_server_a-mempool_limit.Po
/home/devl/Zero/depends/x86_64-unknown-linux-gnu/share/../native/bin/ccache g++ -m64 -std=c++11 -DHAVE_CONFIG_H -I. -I../src/config  -U_FORTIFY_SOURCE -D_FORTIFY_SOURCE=2 -I. -I./obj  -pthread -I/home/devl/Zero/depends/x86_64-unknown-linux-gnu/share/../include -I./leveldb/include -I./leveldb/helpers/memenv -I/home/devl/Zero/depends/x86_64-unknown-linux-gnu/include  -I/home/devl/Zero/depends/x86_64-unknown-linux-gnu/include  -I./secp256k1/include -I./univalue/include -I/home/devl/Zero/depends/x86_64-unknown-linux-gnu/include  -I/home/devl/Zero/depends/x86_64-unknown-linux-gnu/include  -I/home/devl/Zero/depends/x86_64-unknown-linux-gnu/share/../include/  -DHAVE_BUILD_INFO -D__STDC_FORMAT_MACROS -DPTHREAD_STACK_MIN=16384  -Wformat -Wformat-security -Wstack-protector -fstack-protector-all  -Wno-deprecated-declarations -Wno-nonnull -fPIE -pipe -O1 -g -fwrapv -fno-strict-aliasing -Wno-builtin-declaration-mismatch -MT libbitcoin_server_a-txmempool.o -MD -MP -MF .deps/libbitcoin_server_a-txmempool.Tpo -c -o libbitcoin_server_a-txmempool.o `test -f 'txmempool.cpp' || echo './'`txmempool.cpp
mv -f .deps/libbitcoin_server_a-txmempool.Tpo .deps/libbitcoin_server_a-txmempool.Po
/home/devl/Zero/depends/x86_64-unknown-linux-gnu/share/../native/bin/ccache g++ -m64 -std=c++11 -DHAVE_CONFIG_H -I. -I../src/config  -U_FORTIFY_SOURCE -D_FORTIFY_SOURCE=2 -I. -I./obj  -pthread -I/home/devl/Zero/depends/x86_64-unknown-linux-gnu/share/../include -I./leveldb/include -I./leveldb/helpers/memenv -I/home/devl/Zero/depends/x86_64-unknown-linux-gnu/include  -I/home/devl/Zero/depends/x86_64-unknown-linux-gnu/include  -I./secp256k1/include -I./univalue/include -I/home/devl/Zero/depends/x86_64-unknown-linux-gnu/include  -I/home/devl/Zero/depends/x86_64-unknown-linux-gnu/include  -I/home/devl/Zero/depends/x86_64-unknown-linux-gnu/share/../include/  -DHAVE_BUILD_INFO -D__STDC_FORMAT_MACROS -DPTHREAD_STACK_MIN=16384  -Wformat -Wformat-security -Wstack-protector -fstack-protector-all  -Wno-deprecated-declarations -Wno-nonnull -fPIE -pipe -O1 -g -fwrapv -fno-strict-aliasing -Wno-builtin-declaration-mismatch -MT libbitcoin_server_a-validationinterface.o -MD -MP -MF .deps/libbitcoin_server_a-validationinterface.Tpo -c -o libbitcoin_server_a-validationinterface.o `test -f 'validationinterface.cpp' || echo './'`validationinterface.cpp
mv -f .deps/libbitcoin_server_a-validationinterface.Tpo .deps/libbitcoin_server_a-validationinterface.Po
rm -f libbitcoin_server.a
ar cr libbitcoin_server.a libbitcoin_server_a-sendalert.o libbitcoin_server_a-addrman.o libbitcoin_server_a-alert.o libbitcoin_server_a-asyncrpcoperation.o libbitcoin_server_a-asyncrpcqueue.o libbitcoin_server_a-bloom.o libbitcoin_server_a-chain.o libbitcoin_server_a-checkpoints.o libbitcoin_server_a-deprecation.o libbitcoin_server_a-httprpc.o libbitcoin_server_a-httpserver.o libbitcoin_server_a-init.o libbitcoin_server_a-dbwrapper.o libbitcoin_server_a-main.o libbitcoin_server_a-merkleblock.o libbitcoin_server_a-metrics.o libbitcoin_server_a-miner.o libbitcoin_server_a-net.o libbitcoin_server_a-noui.o policy/libbitcoin_server_a-fees.o libbitcoin_server_a-pow.o libbitcoin_server_a-rest.o rpc/libbitcoin_server_a-blockchain.o rpc/libbitcoin_server_a-mining.o rpc/libbitcoin_server_a-misc.o rpc/libbitcoin_server_a-net.o rpc/libbitcoin_server_a-rawtransaction.o rpc/libbitcoin_server_a-server.o rpc/libbitcoin_server_a-zeronode.o rpc/libbitcoin_server_a-zeronode-budget.o rpc/libbitcoin_server_a-spork.o script/libbitcoin_server_a-sigcache.o zeronode/libbitcoin_server_a-sporkdb.o zeronode/libbitcoin_server_a-zeronode.o zeronode/libbitcoin_server_a-budget.o zeronode/libbitcoin_server_a-payments.o zeronode/libbitcoin_server_a-zeronode-sync.o zeronode/libbitcoin_server_a-zeronodeman.o zeronode/libbitcoin_server_a-spork.o zeronode/libbitcoin_server_a-obfuscation.o zeronode/libbitcoin_server_a-activezeronode.o zeronode/libbitcoin_server_a-swifttx.o zeronode/libbitcoin_server_a-zeronodeconfig.o libbitcoin_server_a-timedata.o libbitcoin_server_a-torcontrol.o libbitcoin_server_a-txdb.o libbitcoin_server_a-mempool_limit.o libbitcoin_server_a-txmempool.o libbitcoin_server_a-validationinterface.o   
ranlib libbitcoin_server.a
/home/devl/Zero/depends/x86_64-unknown-linux-gnu/share/../native/bin/ccache g++ -m64 -std=c++11 -DHAVE_CONFIG_H -I. -I../src/config  -U_FORTIFY_SOURCE -D_FORTIFY_SOURCE=2 -I. -I./obj  -pthread -I/home/devl/Zero/depends/x86_64-unknown-linux-gnu/share/../include -I./leveldb/include -I./leveldb/helpers/memenv -I/home/devl/Zero/depends/x86_64-unknown-linux-gnu/include  -I/home/devl/Zero/depends/x86_64-unknown-linux-gnu/include  -I./secp256k1/include -I./univalue/include -I/home/devl/Zero/depends/x86_64-unknown-linux-gnu/share/../include/  -DHAVE_BUILD_INFO -D__STDC_FORMAT_MACROS -DPTHREAD_STACK_MIN=16384  -Wformat -Wformat-security -Wstack-protector -fstack-protector-all  -Wno-deprecated-declarations -Wno-nonnull -fPIE -pipe -O1 -g -fwrapv -fno-strict-aliasing -Wno-builtin-declaration-mismatch -MT libbitcoin_wallet_a-utiltest.o -MD -MP -MF .deps/libbitcoin_wallet_a-utiltest.Tpo -c -o libbitcoin_wallet_a-utiltest.o `test -f 'utiltest.cpp' || echo './'`utiltest.cpp
mv -f .deps/libbitcoin_wallet_a-utiltest.Tpo .deps/libbitcoin_wallet_a-utiltest.Po
/home/devl/Zero/depends/x86_64-unknown-linux-gnu/share/../native/bin/ccache g++ -m64 -std=c++11 -DHAVE_CONFIG_H -I. -I../src/config  -U_FORTIFY_SOURCE -D_FORTIFY_SOURCE=2 -I. -I./obj  -pthread -I/home/devl/Zero/depends/x86_64-unknown-linux-gnu/share/../include -I./leveldb/include -I./leveldb/helpers/memenv -I/home/devl/Zero/depends/x86_64-unknown-linux-gnu/include  -I/home/devl/Zero/depends/x86_64-unknown-linux-gnu/include  -I./secp256k1/include -I./univalue/include -I/home/devl/Zero/depends/x86_64-unknown-linux-gnu/share/../include/  -DHAVE_BUILD_INFO -D__STDC_FORMAT_MACROS -DPTHREAD_STACK_MIN=16384  -Wformat -Wformat-security -Wstack-protector -fstack-protector-all  -Wno-deprecated-declarations -Wno-nonnull -fPIE -pipe -O1 -g -fwrapv -fno-strict-aliasing -Wno-builtin-declaration-mismatch -MT libbitcoin_wallet_a-zcbenchmarks.o -MD -MP -MF .deps/libbitcoin_wallet_a-zcbenchmarks.Tpo -c -o libbitcoin_wallet_a-zcbenchmarks.o `test -f 'zcbenchmarks.cpp' || echo './'`zcbenchmarks.cpp
mv -f .deps/libbitcoin_wallet_a-zcbenchmarks.Tpo .deps/libbitcoin_wallet_a-zcbenchmarks.Po
/home/devl/Zero/depends/x86_64-unknown-linux-gnu/share/../native/bin/ccache g++ -m64 -std=c++11 -DHAVE_CONFIG_H -I. -I../src/config  -U_FORTIFY_SOURCE -D_FORTIFY_SOURCE=2 -I. -I./obj  -pthread -I/home/devl/Zero/depends/x86_64-unknown-linux-gnu/share/../include -I./leveldb/include -I./leveldb/helpers/memenv -I/home/devl/Zero/depends/x86_64-unknown-linux-gnu/include  -I/home/devl/Zero/depends/x86_64-unknown-linux-gnu/include  -I./secp256k1/include -I./univalue/include -I/home/devl/Zero/depends/x86_64-unknown-linux-gnu/share/../include/  -DHAVE_BUILD_INFO -D__STDC_FORMAT_MACROS -DPTHREAD_STACK_MIN=16384  -Wformat -Wformat-security -Wstack-protector -fstack-protector-all  -Wno-deprecated-declarations -Wno-nonnull -fPIE -pipe -O1 -g -fwrapv -fno-strict-aliasing -Wno-builtin-declaration-mismatch -MT wallet/libbitcoin_wallet_a-asyncrpcoperation_common.o -MD -MP -MF wallet/.deps/libbitcoin_wallet_a-asyncrpcoperation_common.Tpo -c -o wallet/libbitcoin_wallet_a-asyncrpcoperation_common.o `test -f 'wallet/asyncrpcoperation_common.cpp' || echo './'`wallet/asyncrpcoperation_common.cpp
mv -f wallet/.deps/libbitcoin_wallet_a-asyncrpcoperation_common.Tpo wallet/.deps/libbitcoin_wallet_a-asyncrpcoperation_common.Po
/home/devl/Zero/depends/x86_64-unknown-linux-gnu/share/../native/bin/ccache g++ -m64 -std=c++11 -DHAVE_CONFIG_H -I. -I../src/config  -U_FORTIFY_SOURCE -D_FORTIFY_SOURCE=2 -I. -I./obj  -pthread -I/home/devl/Zero/depends/x86_64-unknown-linux-gnu/share/../include -I./leveldb/include -I./leveldb/helpers/memenv -I/home/devl/Zero/depends/x86_64-unknown-linux-gnu/include  -I/home/devl/Zero/depends/x86_64-unknown-linux-gnu/include  -I./secp256k1/include -I./univalue/include -I/home/devl/Zero/depends/x86_64-unknown-linux-gnu/share/../include/  -DHAVE_BUILD_INFO -D__STDC_FORMAT_MACROS -DPTHREAD_STACK_MIN=16384  -Wformat -Wformat-security -Wstack-protector -fstack-protector-all  -Wno-deprecated-declarations -Wno-nonnull -fPIE -pipe -O1 -g -fwrapv -fno-strict-aliasing -Wno-builtin-declaration-mismatch -MT wallet/libbitcoin_wallet_a-asyncrpcoperation_mergetoaddress.o -MD -MP -MF wallet/.deps/libbitcoin_wallet_a-asyncrpcoperation_mergetoaddress.Tpo -c -o wallet/libbitcoin_wallet_a-asyncrpcoperation_mergetoaddress.o `test -f 'wallet/asyncrpcoperation_mergetoaddress.cpp' || echo './'`wallet/asyncrpcoperation_mergetoaddress.cpp
mv -f wallet/.deps/libbitcoin_wallet_a-asyncrpcoperation_mergetoaddress.Tpo wallet/.deps/libbitcoin_wallet_a-asyncrpcoperation_mergetoaddress.Po
/home/devl/Zero/depends/x86_64-unknown-linux-gnu/share/../native/bin/ccache g++ -m64 -std=c++11 -DHAVE_CONFIG_H -I. -I../src/config  -U_FORTIFY_SOURCE -D_FORTIFY_SOURCE=2 -I. -I./obj  -pthread -I/home/devl/Zero/depends/x86_64-unknown-linux-gnu/share/../include -I./leveldb/include -I./leveldb/helpers/memenv -I/home/devl/Zero/depends/x86_64-unknown-linux-gnu/include  -I/home/devl/Zero/depends/x86_64-unknown-linux-gnu/include  -I./secp256k1/include -I./univalue/include -I/home/devl/Zero/depends/x86_64-unknown-linux-gnu/share/../include/  -DHAVE_BUILD_INFO -D__STDC_FORMAT_MACROS -DPTHREAD_STACK_MIN=16384  -Wformat -Wformat-security -Wstack-protector -fstack-protector-all  -Wno-deprecated-declarations -Wno-nonnull -fPIE -pipe -O1 -g -fwrapv -fno-strict-aliasing -Wno-builtin-declaration-mismatch -MT wallet/libbitcoin_wallet_a-asyncrpcoperation_saplingmigration.o -MD -MP -MF wallet/.deps/libbitcoin_wallet_a-asyncrpcoperation_saplingmigration.Tpo -c -o wallet/libbitcoin_wallet_a-asyncrpcoperation_saplingmigration.o `test -f 'wallet/asyncrpcoperation_saplingmigration.cpp' || echo './'`wallet/asyncrpcoperation_saplingmigration.cpp
mv -f wallet/.deps/libbitcoin_wallet_a-asyncrpcoperation_saplingmigration.Tpo wallet/.deps/libbitcoin_wallet_a-asyncrpcoperation_saplingmigration.Po
/home/devl/Zero/depends/x86_64-unknown-linux-gnu/share/../native/bin/ccache g++ -m64 -std=c++11 -DHAVE_CONFIG_H -I. -I../src/config  -U_FORTIFY_SOURCE -D_FORTIFY_SOURCE=2 -I. -I./obj  -pthread -I/home/devl/Zero/depends/x86_64-unknown-linux-gnu/share/../include -I./leveldb/include -I./leveldb/helpers/memenv -I/home/devl/Zero/depends/x86_64-unknown-linux-gnu/include  -I/home/devl/Zero/depends/x86_64-unknown-linux-gnu/include  -I./secp256k1/include -I./univalue/include -I/home/devl/Zero/depends/x86_64-unknown-linux-gnu/share/../include/  -DHAVE_BUILD_INFO -D__STDC_FORMAT_MACROS -DPTHREAD_STACK_MIN=16384  -Wformat -Wformat-security -Wstack-protector -fstack-protector-all  -Wno-deprecated-declarations -Wno-nonnull -fPIE -pipe -O1 -g -fwrapv -fno-strict-aliasing -Wno-builtin-declaration-mismatch -MT wallet/libbitcoin_wallet_a-asyncrpcoperation_saplingconsolidation.o -MD -MP -MF wallet/.deps/libbitcoin_wallet_a-asyncrpcoperation_saplingconsolidation.Tpo -c -o wallet/libbitcoin_wallet_a-asyncrpcoperation_saplingconsolidation.o `test -f 'wallet/asyncrpcoperation_saplingconsolidation.cpp' || echo './'`wallet/asyncrpcoperation_saplingconsolidation.cpp
mv -f wallet/.deps/libbitcoin_wallet_a-asyncrpcoperation_saplingconsolidation.Tpo wallet/.deps/libbitcoin_wallet_a-asyncrpcoperation_saplingconsolidation.Po
/home/devl/Zero/depends/x86_64-unknown-linux-gnu/share/../native/bin/ccache g++ -m64 -std=c++11 -DHAVE_CONFIG_H -I. -I../src/config  -U_FORTIFY_SOURCE -D_FORTIFY_SOURCE=2 -I. -I./obj  -pthread -I/home/devl/Zero/depends/x86_64-unknown-linux-gnu/share/../include -I./leveldb/include -I./leveldb/helpers/memenv -I/home/devl/Zero/depends/x86_64-unknown-linux-gnu/include  -I/home/devl/Zero/depends/x86_64-unknown-linux-gnu/include  -I./secp256k1/include -I./univalue/include -I/home/devl/Zero/depends/x86_64-unknown-linux-gnu/share/../include/  -DHAVE_BUILD_INFO -D__STDC_FORMAT_MACROS -DPTHREAD_STACK_MIN=16384  -Wformat -Wformat-security -Wstack-protector -fstack-protector-all  -Wno-deprecated-declarations -Wno-nonnull -fPIE -pipe -O1 -g -fwrapv -fno-strict-aliasing -Wno-builtin-declaration-mismatch -MT wallet/libbitcoin_wallet_a-asyncrpcoperation_sendmany.o -MD -MP -MF wallet/.deps/libbitcoin_wallet_a-asyncrpcoperation_sendmany.Tpo -c -o wallet/libbitcoin_wallet_a-asyncrpcoperation_sendmany.o `test -f 'wallet/asyncrpcoperation_sendmany.cpp' || echo './'`wallet/asyncrpcoperation_sendmany.cpp
mv -f wallet/.deps/libbitcoin_wallet_a-asyncrpcoperation_sendmany.Tpo wallet/.deps/libbitcoin_wallet_a-asyncrpcoperation_sendmany.Po
/home/devl/Zero/depends/x86_64-unknown-linux-gnu/share/../native/bin/ccache g++ -m64 -std=c++11 -DHAVE_CONFIG_H -I. -I../src/config  -U_FORTIFY_SOURCE -D_FORTIFY_SOURCE=2 -I. -I./obj  -pthread -I/home/devl/Zero/depends/x86_64-unknown-linux-gnu/share/../include -I./leveldb/include -I./leveldb/helpers/memenv -I/home/devl/Zero/depends/x86_64-unknown-linux-gnu/include  -I/home/devl/Zero/depends/x86_64-unknown-linux-gnu/include  -I./secp256k1/include -I./univalue/include -I/home/devl/Zero/depends/x86_64-unknown-linux-gnu/share/../include/  -DHAVE_BUILD_INFO -D__STDC_FORMAT_MACROS -DPTHREAD_STACK_MIN=16384  -Wformat -Wformat-security -Wstack-protector -fstack-protector-all  -Wno-deprecated-declarations -Wno-nonnull -fPIE -pipe -O1 -g -fwrapv -fno-strict-aliasing -Wno-builtin-declaration-mismatch -MT wallet/libbitcoin_wallet_a-asyncrpcoperation_shieldcoinbase.o -MD -MP -MF wallet/.deps/libbitcoin_wallet_a-asyncrpcoperation_shieldcoinbase.Tpo -c -o wallet/libbitcoin_wallet_a-asyncrpcoperation_shieldcoinbase.o `test -f 'wallet/asyncrpcoperation_shieldcoinbase.cpp' || echo './'`wallet/asyncrpcoperation_shieldcoinbase.cpp
mv -f wallet/.deps/libbitcoin_wallet_a-asyncrpcoperation_shieldcoinbase.Tpo wallet/.deps/libbitcoin_wallet_a-asyncrpcoperation_shieldcoinbase.Po
/home/devl/Zero/depends/x86_64-unknown-linux-gnu/share/../native/bin/ccache g++ -m64 -std=c++11 -DHAVE_CONFIG_H -I. -I../src/config  -U_FORTIFY_SOURCE -D_FORTIFY_SOURCE=2 -I. -I./obj  -pthread -I/home/devl/Zero/depends/x86_64-unknown-linux-gnu/share/../include -I./leveldb/include -I./leveldb/helpers/memenv -I/home/devl/Zero/depends/x86_64-unknown-linux-gnu/include  -I/home/devl/Zero/depends/x86_64-unknown-linux-gnu/include  -I./secp256k1/include -I./univalue/include -I/home/devl/Zero/depends/x86_64-unknown-linux-gnu/share/../include/  -DHAVE_BUILD_INFO -D__STDC_FORMAT_MACROS -DPTHREAD_STACK_MIN=16384  -Wformat -Wformat-security -Wstack-protector -fstack-protector-all  -Wno-deprecated-declarations -Wno-nonnull -fPIE -pipe -O1 -g -fwrapv -fno-strict-aliasing -Wno-builtin-declaration-mismatch -MT wallet/libbitcoin_wallet_a-crypter.o -MD -MP -MF wallet/.deps/libbitcoin_wallet_a-crypter.Tpo -c -o wallet/libbitcoin_wallet_a-crypter.o `test -f 'wallet/crypter.cpp' || echo './'`wallet/crypter.cpp
mv -f wallet/.deps/libbitcoin_wallet_a-crypter.Tpo wallet/.deps/libbitcoin_wallet_a-crypter.Po
/home/devl/Zero/depends/x86_64-unknown-linux-gnu/share/../native/bin/ccache g++ -m64 -std=c++11 -DHAVE_CONFIG_H -I. -I../src/config  -U_FORTIFY_SOURCE -D_FORTIFY_SOURCE=2 -I. -I./obj  -pthread -I/home/devl/Zero/depends/x86_64-unknown-linux-gnu/share/../include -I./leveldb/include -I./leveldb/helpers/memenv -I/home/devl/Zero/depends/x86_64-unknown-linux-gnu/include  -I/home/devl/Zero/depends/x86_64-unknown-linux-gnu/include  -I./secp256k1/include -I./univalue/include -I/home/devl/Zero/depends/x86_64-unknown-linux-gnu/share/../include/  -DHAVE_BUILD_INFO -D__STDC_FORMAT_MACROS -DPTHREAD_STACK_MIN=16384  -Wformat -Wformat-security -Wstack-protector -fstack-protector-all  -Wno-deprecated-declarations -Wno-nonnull -fPIE -pipe -O1 -g -fwrapv -fno-strict-aliasing -Wno-builtin-declaration-mismatch -MT wallet/libbitcoin_wallet_a-db.o -MD -MP -MF wallet/.deps/libbitcoin_wallet_a-db.Tpo -c -o wallet/libbitcoin_wallet_a-db.o `test -f 'wallet/db.cpp' || echo './'`wallet/db.cpp
mv -f wallet/.deps/libbitcoin_wallet_a-db.Tpo wallet/.deps/libbitcoin_wallet_a-db.Po
/home/devl/Zero/depends/x86_64-unknown-linux-gnu/share/../native/bin/ccache g++ -m64 -std=c++11 -DHAVE_CONFIG_H -I. -I../src/config  -U_FORTIFY_SOURCE -D_FORTIFY_SOURCE=2 -I. -I./obj  -pthread -I/home/devl/Zero/depends/x86_64-unknown-linux-gnu/share/../include -I./leveldb/include -I./leveldb/helpers/memenv -I/home/devl/Zero/depends/x86_64-unknown-linux-gnu/include  -I/home/devl/Zero/depends/x86_64-unknown-linux-gnu/include  -I./secp256k1/include -I./univalue/include -I/home/devl/Zero/depends/x86_64-unknown-linux-gnu/share/../include/  -DHAVE_BUILD_INFO -D__STDC_FORMAT_MACROS -DPTHREAD_STACK_MIN=16384  -Wformat -Wformat-security -Wstack-protector -fstack-protector-all  -Wno-deprecated-declarations -Wno-nonnull -fPIE -pipe -O1 -g -fwrapv -fno-strict-aliasing -Wno-builtin-declaration-mismatch -MT wallet/libbitcoin_wallet_a-paymentdisclosure.o -MD -MP -MF wallet/.deps/libbitcoin_wallet_a-paymentdisclosure.Tpo -c -o wallet/libbitcoin_wallet_a-paymentdisclosure.o `test -f 'wallet/paymentdisclosure.cpp' || echo './'`wallet/paymentdisclosure.cpp
mv -f wallet/.deps/libbitcoin_wallet_a-paymentdisclosure.Tpo wallet/.deps/libbitcoin_wallet_a-paymentdisclosure.Po
/home/devl/Zero/depends/x86_64-unknown-linux-gnu/share/../native/bin/ccache g++ -m64 -std=c++11 -DHAVE_CONFIG_H -I. -I../src/config  -U_FORTIFY_SOURCE -D_FORTIFY_SOURCE=2 -I. -I./obj  -pthread -I/home/devl/Zero/depends/x86_64-unknown-linux-gnu/share/../include -I./leveldb/include -I./leveldb/helpers/memenv -I/home/devl/Zero/depends/x86_64-unknown-linux-gnu/include  -I/home/devl/Zero/depends/x86_64-unknown-linux-gnu/include  -I./secp256k1/include -I./univalue/include -I/home/devl/Zero/depends/x86_64-unknown-linux-gnu/share/../include/  -DHAVE_BUILD_INFO -D__STDC_FORMAT_MACROS -DPTHREAD_STACK_MIN=16384  -Wformat -Wformat-security -Wstack-protector -fstack-protector-all  -Wno-deprecated-declarations -Wno-nonnull -fPIE -pipe -O1 -g -fwrapv -fno-strict-aliasing -Wno-builtin-declaration-mismatch -MT zeronode/libbitcoin_wallet_a-zeronode-wallet-interface.o -MD -MP -MF zeronode/.deps/libbitcoin_wallet_a-zeronode-wallet-interface.Tpo -c -o zeronode/libbitcoin_wallet_a-zeronode-wallet-interface.o `test -f 'zeronode/zeronode-wallet-interface.cpp' || echo './'`zeronode/zeronode-wallet-interface.cpp
mv -f zeronode/.deps/libbitcoin_wallet_a-zeronode-wallet-interface.Tpo zeronode/.deps/libbitcoin_wallet_a-zeronode-wallet-interface.Po
/home/devl/Zero/depends/x86_64-unknown-linux-gnu/share/../native/bin/ccache g++ -m64 -std=c++11 -DHAVE_CONFIG_H -I. -I../src/config  -U_FORTIFY_SOURCE -D_FORTIFY_SOURCE=2 -I. -I./obj  -pthread -I/home/devl/Zero/depends/x86_64-unknown-linux-gnu/share/../include -I./leveldb/include -I./leveldb/helpers/memenv -I/home/devl/Zero/depends/x86_64-unknown-linux-gnu/include  -I/home/devl/Zero/depends/x86_64-unknown-linux-gnu/include  -I./secp256k1/include -I./univalue/include -I/home/devl/Zero/depends/x86_64-unknown-linux-gnu/share/../include/  -DHAVE_BUILD_INFO -D__STDC_FORMAT_MACROS -DPTHREAD_STACK_MIN=16384  -Wformat -Wformat-security -Wstack-protector -fstack-protector-all  -Wno-deprecated-declarations -Wno-nonnull -fPIE -pipe -O1 -g -fwrapv -fno-strict-aliasing -Wno-builtin-declaration-mismatch -MT wallet/libbitcoin_wallet_a-paymentdisclosuredb.o -MD -MP -MF wallet/.deps/libbitcoin_wallet_a-paymentdisclosuredb.Tpo -c -o wallet/libbitcoin_wallet_a-paymentdisclosuredb.o `test -f 'wallet/paymentdisclosuredb.cpp' || echo './'`wallet/paymentdisclosuredb.cpp
mv -f wallet/.deps/libbitcoin_wallet_a-paymentdisclosuredb.Tpo wallet/.deps/libbitcoin_wallet_a-paymentdisclosuredb.Po
/home/devl/Zero/depends/x86_64-unknown-linux-gnu/share/../native/bin/ccache g++ -m64 -std=c++11 -DHAVE_CONFIG_H -I. -I../src/config  -U_FORTIFY_SOURCE -D_FORTIFY_SOURCE=2 -I. -I./obj  -pthread -I/home/devl/Zero/depends/x86_64-unknown-linux-gnu/share/../include -I./leveldb/include -I./leveldb/helpers/memenv -I/home/devl/Zero/depends/x86_64-unknown-linux-gnu/include  -I/home/devl/Zero/depends/x86_64-unknown-linux-gnu/include  -I./secp256k1/include -I./univalue/include -I/home/devl/Zero/depends/x86_64-unknown-linux-gnu/share/../include/  -DHAVE_BUILD_INFO -D__STDC_FORMAT_MACROS -DPTHREAD_STACK_MIN=16384  -Wformat -Wformat-security -Wstack-protector -fstack-protector-all  -Wno-deprecated-declarations -Wno-nonnull -fPIE -pipe -O1 -g -fwrapv -fno-strict-aliasing -Wno-builtin-declaration-mismatch -MT wallet/libbitcoin_wallet_a-rpcdisclosure.o -MD -MP -MF wallet/.deps/libbitcoin_wallet_a-rpcdisclosure.Tpo -c -o wallet/libbitcoin_wallet_a-rpcdisclosure.o `test -f 'wallet/rpcdisclosure.cpp' || echo './'`wallet/rpcdisclosure.cpp
mv -f wallet/.deps/libbitcoin_wallet_a-rpcdisclosure.Tpo wallet/.deps/libbitcoin_wallet_a-rpcdisclosure.Po
/home/devl/Zero/depends/x86_64-unknown-linux-gnu/share/../native/bin/ccache g++ -m64 -std=c++11 -DHAVE_CONFIG_H -I. -I../src/config  -U_FORTIFY_SOURCE -D_FORTIFY_SOURCE=2 -I. -I./obj  -pthread -I/home/devl/Zero/depends/x86_64-unknown-linux-gnu/share/../include -I./leveldb/include -I./leveldb/helpers/memenv -I/home/devl/Zero/depends/x86_64-unknown-linux-gnu/include  -I/home/devl/Zero/depends/x86_64-unknown-linux-gnu/include  -I./secp256k1/include -I./univalue/include -I/home/devl/Zero/depends/x86_64-unknown-linux-gnu/share/../include/  -DHAVE_BUILD_INFO -D__STDC_FORMAT_MACROS -DPTHREAD_STACK_MIN=16384  -Wformat -Wformat-security -Wstack-protector -fstack-protector-all  -Wno-deprecated-declarations -Wno-nonnull -fPIE -pipe -O1 -g -fwrapv -fno-strict-aliasing -Wno-builtin-declaration-mismatch -MT wallet/libbitcoin_wallet_a-rpcdump.o -MD -MP -MF wallet/.deps/libbitcoin_wallet_a-rpcdump.Tpo -c -o wallet/libbitcoin_wallet_a-rpcdump.o `test -f 'wallet/rpcdump.cpp' || echo './'`wallet/rpcdump.cpp
mv -f wallet/.deps/libbitcoin_wallet_a-rpcdump.Tpo wallet/.deps/libbitcoin_wallet_a-rpcdump.Po
/home/devl/Zero/depends/x86_64-unknown-linux-gnu/share/../native/bin/ccache g++ -m64 -std=c++11 -DHAVE_CONFIG_H -I. -I../src/config  -U_FORTIFY_SOURCE -D_FORTIFY_SOURCE=2 -I. -I./obj  -pthread -I/home/devl/Zero/depends/x86_64-unknown-linux-gnu/share/../include -I./leveldb/include -I./leveldb/helpers/memenv -I/home/devl/Zero/depends/x86_64-unknown-linux-gnu/include  -I/home/devl/Zero/depends/x86_64-unknown-linux-gnu/include  -I./secp256k1/include -I./univalue/include -I/home/devl/Zero/depends/x86_64-unknown-linux-gnu/share/../include/  -DHAVE_BUILD_INFO -D__STDC_FORMAT_MACROS -DPTHREAD_STACK_MIN=16384  -Wformat -Wformat-security -Wstack-protector -fstack-protector-all  -Wno-deprecated-declarations -Wno-nonnull -fPIE -pipe -O1 -g -fwrapv -fno-strict-aliasing -Wno-builtin-declaration-mismatch -MT wallet/libbitcoin_wallet_a-rpcwallet.o -MD -MP -MF wallet/.deps/libbitcoin_wallet_a-rpcwallet.Tpo -c -o wallet/libbitcoin_wallet_a-rpcwallet.o `test -f 'wallet/rpcwallet.cpp' || echo './'`wallet/rpcwallet.cpp
mv -f wallet/.deps/libbitcoin_wallet_a-rpcwallet.Tpo wallet/.deps/libbitcoin_wallet_a-rpcwallet.Po
/home/devl/Zero/depends/x86_64-unknown-linux-gnu/share/../native/bin/ccache g++ -m64 -std=c++11 -DHAVE_CONFIG_H -I. -I../src/config  -U_FORTIFY_SOURCE -D_FORTIFY_SOURCE=2 -I. -I./obj  -pthread -I/home/devl/Zero/depends/x86_64-unknown-linux-gnu/share/../include -I./leveldb/include -I./leveldb/helpers/memenv -I/home/devl/Zero/depends/x86_64-unknown-linux-gnu/include  -I/home/devl/Zero/depends/x86_64-unknown-linux-gnu/include  -I./secp256k1/include -I./univalue/include -I/home/devl/Zero/depends/x86_64-unknown-linux-gnu/share/../include/  -DHAVE_BUILD_INFO -D__STDC_FORMAT_MACROS -DPTHREAD_STACK_MIN=16384  -Wformat -Wformat-security -Wstack-protector -fstack-protector-all  -Wno-deprecated-declarations -Wno-nonnull -fPIE -pipe -O1 -g -fwrapv -fno-strict-aliasing -Wno-builtin-declaration-mismatch -MT wallet/libbitcoin_wallet_a-rpczerowallet.o -MD -MP -MF wallet/.deps/libbitcoin_wallet_a-rpczerowallet.Tpo -c -o wallet/libbitcoin_wallet_a-rpczerowallet.o `test -f 'wallet/rpczerowallet.cpp' || echo './'`wallet/rpczerowallet.cpp
mv -f wallet/.deps/libbitcoin_wallet_a-rpczerowallet.Tpo wallet/.deps/libbitcoin_wallet_a-rpczerowallet.Po
/home/devl/Zero/depends/x86_64-unknown-linux-gnu/share/../native/bin/ccache g++ -m64 -std=c++11 -DHAVE_CONFIG_H -I. -I../src/config  -U_FORTIFY_SOURCE -D_FORTIFY_SOURCE=2 -I. -I./obj  -pthread -I/home/devl/Zero/depends/x86_64-unknown-linux-gnu/share/../include -I./leveldb/include -I./leveldb/helpers/memenv -I/home/devl/Zero/depends/x86_64-unknown-linux-gnu/include  -I/home/devl/Zero/depends/x86_64-unknown-linux-gnu/include  -I./secp256k1/include -I./univalue/include -I/home/devl/Zero/depends/x86_64-unknown-linux-gnu/share/../include/  -DHAVE_BUILD_INFO -D__STDC_FORMAT_MACROS -DPTHREAD_STACK_MIN=16384  -Wformat -Wformat-security -Wstack-protector -fstack-protector-all  -Wno-deprecated-declarations -Wno-nonnull -fPIE -pipe -O1 -g -fwrapv -fno-strict-aliasing -Wno-builtin-declaration-mismatch -MT wallet/libbitcoin_wallet_a-wallet.o -MD -MP -MF wallet/.deps/libbitcoin_wallet_a-wallet.Tpo -c -o wallet/libbitcoin_wallet_a-wallet.o `test -f 'wallet/wallet.cpp' || echo './'`wallet/wallet.cpp
mv -f wallet/.deps/libbitcoin_wallet_a-wallet.Tpo wallet/.deps/libbitcoin_wallet_a-wallet.Po
/home/devl/Zero/depends/x86_64-unknown-linux-gnu/share/../native/bin/ccache g++ -m64 -std=c++11 -DHAVE_CONFIG_H -I. -I../src/config  -U_FORTIFY_SOURCE -D_FORTIFY_SOURCE=2 -I. -I./obj  -pthread -I/home/devl/Zero/depends/x86_64-unknown-linux-gnu/share/../include -I./leveldb/include -I./leveldb/helpers/memenv -I/home/devl/Zero/depends/x86_64-unknown-linux-gnu/include  -I/home/devl/Zero/depends/x86_64-unknown-linux-gnu/include  -I./secp256k1/include -I./univalue/include -I/home/devl/Zero/depends/x86_64-unknown-linux-gnu/share/../include/  -DHAVE_BUILD_INFO -D__STDC_FORMAT_MACROS -DPTHREAD_STACK_MIN=16384  -Wformat -Wformat-security -Wstack-protector -fstack-protector-all  -Wno-deprecated-declarations -Wno-nonnull -fPIE -pipe -O1 -g -fwrapv -fno-strict-aliasing -Wno-builtin-declaration-mismatch -MT wallet/libbitcoin_wallet_a-wallet_ismine.o -MD -MP -MF wallet/.deps/libbitcoin_wallet_a-wallet_ismine.Tpo -c -o wallet/libbitcoin_wallet_a-wallet_ismine.o `test -f 'wallet/wallet_ismine.cpp' || echo './'`wallet/wallet_ismine.cpp
mv -f wallet/.deps/libbitcoin_wallet_a-wallet_ismine.Tpo wallet/.deps/libbitcoin_wallet_a-wallet_ismine.Po
/home/devl/Zero/depends/x86_64-unknown-linux-gnu/share/../native/bin/ccache g++ -m64 -std=c++11 -DHAVE_CONFIG_H -I. -I../src/config  -U_FORTIFY_SOURCE -D_FORTIFY_SOURCE=2 -I. -I./obj  -pthread -I/home/devl/Zero/depends/x86_64-unknown-linux-gnu/share/../include -I./leveldb/include -I./leveldb/helpers/memenv -I/home/devl/Zero/depends/x86_64-unknown-linux-gnu/include  -I/home/devl/Zero/depends/x86_64-unknown-linux-gnu/include  -I./secp256k1/include -I./univalue/include -I/home/devl/Zero/depends/x86_64-unknown-linux-gnu/share/../include/  -DHAVE_BUILD_INFO -D__STDC_FORMAT_MACROS -DPTHREAD_STACK_MIN=16384  -Wformat -Wformat-security -Wstack-protector -fstack-protector-all  -Wno-deprecated-declarations -Wno-nonnull -fPIE -pipe -O1 -g -fwrapv -fno-strict-aliasing -Wno-builtin-declaration-mismatch -MT wallet/libbitcoin_wallet_a-walletdb.o -MD -MP -MF wallet/.deps/libbitcoin_wallet_a-walletdb.Tpo -c -o wallet/libbitcoin_wallet_a-walletdb.o `test -f 'wallet/walletdb.cpp' || echo './'`wallet/walletdb.cpp
mv -f wallet/.deps/libbitcoin_wallet_a-walletdb.Tpo wallet/.deps/libbitcoin_wallet_a-walletdb.Po
/home/devl/Zero/depends/x86_64-unknown-linux-gnu/share/../native/bin/ccache g++ -m64 -std=c++11 -DHAVE_CONFIG_H -I. -I../src/config  -U_FORTIFY_SOURCE -D_FORTIFY_SOURCE=2 -I. -I./obj  -pthread -I/home/devl/Zero/depends/x86_64-unknown-linux-gnu/share/../include -I./leveldb/include -I./leveldb/helpers/memenv -I/home/devl/Zero/depends/x86_64-unknown-linux-gnu/include  -I/home/devl/Zero/depends/x86_64-unknown-linux-gnu/include  -I./secp256k1/include -I./univalue/include -I/home/devl/Zero/depends/x86_64-unknown-linux-gnu/share/../include/  -DHAVE_BUILD_INFO -D__STDC_FORMAT_MACROS -DPTHREAD_STACK_MIN=16384  -Wformat -Wformat-security -Wstack-protector -fstack-protector-all  -Wno-deprecated-declarations -Wno-nonnull -fPIE -pipe -O1 -g -fwrapv -fno-strict-aliasing -Wno-builtin-declaration-mismatch -MT wallet/libbitcoin_wallet_a-witness.o -MD -MP -MF wallet/.deps/libbitcoin_wallet_a-witness.Tpo -c -o wallet/libbitcoin_wallet_a-witness.o `test -f 'wallet/witness.cpp' || echo './'`wallet/witness.cpp
mv -f wallet/.deps/libbitcoin_wallet_a-witness.Tpo wallet/.deps/libbitcoin_wallet_a-witness.Po
/home/devl/Zero/depends/x86_64-unknown-linux-gnu/share/../native/bin/ccache g++ -m64 -std=c++11 -DHAVE_CONFIG_H -I. -I../src/config  -U_FORTIFY_SOURCE -D_FORTIFY_SOURCE=2 -I. -I./obj  -pthread -I/home/devl/Zero/depends/x86_64-unknown-linux-gnu/share/../include -I./leveldb/include -I./leveldb/helpers/memenv -I/home/devl/Zero/depends/x86_64-unknown-linux-gnu/include  -I/home/devl/Zero/depends/x86_64-unknown-linux-gnu/include  -I./secp256k1/include -I./univalue/include -I/home/devl/Zero/depends/x86_64-unknown-linux-gnu/share/../include/  -DHAVE_BUILD_INFO -D__STDC_FORMAT_MACROS -DPTHREAD_STACK_MIN=16384  -Wformat -Wformat-security -Wstack-protector -fstack-protector-all  -Wno-deprecated-declarations -Wno-nonnull -fPIE -pipe -O1 -g -fwrapv -fno-strict-aliasing -Wno-builtin-declaration-mismatch -MT zcash/address/libbitcoin_wallet_a-zip32.o -MD -MP -MF zcash/address/.deps/libbitcoin_wallet_a-zip32.Tpo -c -o zcash/address/libbitcoin_wallet_a-zip32.o `test -f 'zcash/address/zip32.cpp' || echo './'`zcash/address/zip32.cpp
mv -f zcash/address/.deps/libbitcoin_wallet_a-zip32.Tpo zcash/address/.deps/libbitcoin_wallet_a-zip32.Po
rm -f libbitcoin_wallet.a
ar cr libbitcoin_wallet.a libbitcoin_wallet_a-utiltest.o libbitcoin_wallet_a-zcbenchmarks.o wallet/libbitcoin_wallet_a-asyncrpcoperation_common.o wallet/libbitcoin_wallet_a-asyncrpcoperation_mergetoaddress.o wallet/libbitcoin_wallet_a-asyncrpcoperation_saplingmigration.o wallet/libbitcoin_wallet_a-asyncrpcoperation_saplingconsolidation.o wallet/libbitcoin_wallet_a-asyncrpcoperation_sendmany.o wallet/libbitcoin_wallet_a-asyncrpcoperation_shieldcoinbase.o wallet/libbitcoin_wallet_a-crypter.o wallet/libbitcoin_wallet_a-db.o wallet/libbitcoin_wallet_a-paymentdisclosure.o zeronode/libbitcoin_wallet_a-zeronode-wallet-interface.o wallet/libbitcoin_wallet_a-paymentdisclosuredb.o wallet/libbitcoin_wallet_a-rpcdisclosure.o wallet/libbitcoin_wallet_a-rpcdump.o wallet/libbitcoin_wallet_a-rpcwallet.o wallet/libbitcoin_wallet_a-rpczerowallet.o wallet/libbitcoin_wallet_a-wallet.o wallet/libbitcoin_wallet_a-wallet_ismine.o wallet/libbitcoin_wallet_a-walletdb.o wallet/libbitcoin_wallet_a-witness.o zcash/address/libbitcoin_wallet_a-zip32.o   
ranlib libbitcoin_wallet.a
/home/devl/Zero/depends/x86_64-unknown-linux-gnu/share/../native/bin/ccache g++ -m64 -std=c++11 -DHAVE_CONFIG_H -I. -I../src/config  -U_FORTIFY_SOURCE -D_FORTIFY_SOURCE=2 -I. -I./obj  -pthread -I/home/devl/Zero/depends/x86_64-unknown-linux-gnu/share/../include -I./leveldb/include -I./leveldb/helpers/memenv -I/home/devl/Zero/depends/x86_64-unknown-linux-gnu/include  -I/home/devl/Zero/depends/x86_64-unknown-linux-gnu/include  -I./secp256k1/include -I./univalue/include -I/home/devl/Zero/depends/x86_64-unknown-linux-gnu/share/../include/  -DHAVE_BUILD_INFO -D__STDC_FORMAT_MACROS -DPTHREAD_STACK_MIN=16384  -Wformat -Wformat-security -Wstack-protector -fstack-protector-all  -Wno-deprecated-declarations -Wno-nonnull -fPIE -pipe -O1 -g -fwrapv -fno-strict-aliasing -Wno-builtin-declaration-mismatch -MT libbitcoin_common_a-amount.o -MD -MP -MF .deps/libbitcoin_common_a-amount.Tpo -c -o libbitcoin_common_a-amount.o `test -f 'amount.cpp' || echo './'`amount.cpp
mv -f .deps/libbitcoin_common_a-amount.Tpo .deps/libbitcoin_common_a-amount.Po
/home/devl/Zero/depends/x86_64-unknown-linux-gnu/share/../native/bin/ccache g++ -m64 -std=c++11 -DHAVE_CONFIG_H -I. -I../src/config  -U_FORTIFY_SOURCE -D_FORTIFY_SOURCE=2 -I. -I./obj  -pthread -I/home/devl/Zero/depends/x86_64-unknown-linux-gnu/share/../include -I./leveldb/include -I./leveldb/helpers/memenv -I/home/devl/Zero/depends/x86_64-unknown-linux-gnu/include  -I/home/devl/Zero/depends/x86_64-unknown-linux-gnu/include  -I./secp256k1/include -I./univalue/include -I/home/devl/Zero/depends/x86_64-unknown-linux-gnu/share/../include/  -DHAVE_BUILD_INFO -D__STDC_FORMAT_MACROS -DPTHREAD_STACK_MIN=16384  -Wformat -Wformat-security -Wstack-protector -fstack-protector-all  -Wno-deprecated-declarations -Wno-nonnull -fPIE -pipe -O1 -g -fwrapv -fno-strict-aliasing -Wno-builtin-declaration-mismatch -MT libbitcoin_common_a-arith_uint256.o -MD -MP -MF .deps/libbitcoin_common_a-arith_uint256.Tpo -c -o libbitcoin_common_a-arith_uint256.o `test -f 'arith_uint256.cpp' || echo './'`arith_uint256.cpp
mv -f .deps/libbitcoin_common_a-arith_uint256.Tpo .deps/libbitcoin_common_a-arith_uint256.Po
/home/devl/Zero/depends/x86_64-unknown-linux-gnu/share/../native/bin/ccache g++ -m64 -std=c++11 -DHAVE_CONFIG_H -I. -I../src/config  -U_FORTIFY_SOURCE -D_FORTIFY_SOURCE=2 -I. -I./obj  -pthread -I/home/devl/Zero/depends/x86_64-unknown-linux-gnu/share/../include -I./leveldb/include -I./leveldb/helpers/memenv -I/home/devl/Zero/depends/x86_64-unknown-linux-gnu/include  -I/home/devl/Zero/depends/x86_64-unknown-linux-gnu/include  -I./secp256k1/include -I./univalue/include -I/home/devl/Zero/depends/x86_64-unknown-linux-gnu/share/../include/  -DHAVE_BUILD_INFO -D__STDC_FORMAT_MACROS -DPTHREAD_STACK_MIN=16384  -Wformat -Wformat-security -Wstack-protector -fstack-protector-all  -Wno-deprecated-declarations -Wno-nonnull -fPIE -pipe -O1 -g -fwrapv -fno-strict-aliasing -Wno-builtin-declaration-mismatch -MT libbitcoin_common_a-base58.o -MD -MP -MF .deps/libbitcoin_common_a-base58.Tpo -c -o libbitcoin_common_a-base58.o `test -f 'base58.cpp' || echo './'`base58.cpp
mv -f .deps/libbitcoin_common_a-base58.Tpo .deps/libbitcoin_common_a-base58.Po
/home/devl/Zero/depends/x86_64-unknown-linux-gnu/share/../native/bin/ccache g++ -m64 -std=c++11 -DHAVE_CONFIG_H -I. -I../src/config  -U_FORTIFY_SOURCE -D_FORTIFY_SOURCE=2 -I. -I./obj  -pthread -I/home/devl/Zero/depends/x86_64-unknown-linux-gnu/share/../include -I./leveldb/include -I./leveldb/helpers/memenv -I/home/devl/Zero/depends/x86_64-unknown-linux-gnu/include  -I/home/devl/Zero/depends/x86_64-unknown-linux-gnu/include  -I./secp256k1/include -I./univalue/include -I/home/devl/Zero/depends/x86_64-unknown-linux-gnu/share/../include/  -DHAVE_BUILD_INFO -D__STDC_FORMAT_MACROS -DPTHREAD_STACK_MIN=16384  -Wformat -Wformat-security -Wstack-protector -fstack-protector-all  -Wno-deprecated-declarations -Wno-nonnull -fPIE -pipe -O1 -g -fwrapv -fno-strict-aliasing -Wno-builtin-declaration-mismatch -MT libbitcoin_common_a-chainparams.o -MD -MP -MF .deps/libbitcoin_common_a-chainparams.Tpo -c -o libbitcoin_common_a-chainparams.o `test -f 'chainparams.cpp' || echo './'`chainparams.cpp
mv -f .deps/libbitcoin_common_a-chainparams.Tpo .deps/libbitcoin_common_a-chainparams.Po
/home/devl/Zero/depends/x86_64-unknown-linux-gnu/share/../native/bin/ccache g++ -m64 -std=c++11 -DHAVE_CONFIG_H -I. -I../src/config  -U_FORTIFY_SOURCE -D_FORTIFY_SOURCE=2 -I. -I./obj  -pthread -I/home/devl/Zero/depends/x86_64-unknown-linux-gnu/share/../include -I./leveldb/include -I./leveldb/helpers/memenv -I/home/devl/Zero/depends/x86_64-unknown-linux-gnu/include  -I/home/devl/Zero/depends/x86_64-unknown-linux-gnu/include  -I./secp256k1/include -I./univalue/include -I/home/devl/Zero/depends/x86_64-unknown-linux-gnu/share/../include/  -DHAVE_BUILD_INFO -D__STDC_FORMAT_MACROS -DPTHREAD_STACK_MIN=16384  -Wformat -Wformat-security -Wstack-protector -fstack-protector-all  -Wno-deprecated-declarations -Wno-nonnull -fPIE -pipe -O1 -g -fwrapv -fno-strict-aliasing -Wno-builtin-declaration-mismatch -MT libbitcoin_common_a-coins.o -MD -MP -MF .deps/libbitcoin_common_a-coins.Tpo -c -o libbitcoin_common_a-coins.o `test -f 'coins.cpp' || echo './'`coins.cpp
mv -f .deps/libbitcoin_common_a-coins.Tpo .deps/libbitcoin_common_a-coins.Po
/home/devl/Zero/depends/x86_64-unknown-linux-gnu/share/../native/bin/ccache g++ -m64 -std=c++11 -DHAVE_CONFIG_H -I. -I../src/config  -U_FORTIFY_SOURCE -D_FORTIFY_SOURCE=2 -I. -I./obj  -pthread -I/home/devl/Zero/depends/x86_64-unknown-linux-gnu/share/../include -I./leveldb/include -I./leveldb/helpers/memenv -I/home/devl/Zero/depends/x86_64-unknown-linux-gnu/include  -I/home/devl/Zero/depends/x86_64-unknown-linux-gnu/include  -I./secp256k1/include -I./univalue/include -I/home/devl/Zero/depends/x86_64-unknown-linux-gnu/share/../include/  -DHAVE_BUILD_INFO -D__STDC_FORMAT_MACROS -DPTHREAD_STACK_MIN=16384  -Wformat -Wformat-security -Wstack-protector -fstack-protector-all  -Wno-deprecated-declarations -Wno-nonnull -fPIE -pipe -O1 -g -fwrapv -fno-strict-aliasing -Wno-builtin-declaration-mismatch -MT libbitcoin_common_a-compressor.o -MD -MP -MF .deps/libbitcoin_common_a-compressor.Tpo -c -o libbitcoin_common_a-compressor.o `test -f 'compressor.cpp' || echo './'`compressor.cpp
mv -f .deps/libbitcoin_common_a-compressor.Tpo .deps/libbitcoin_common_a-compressor.Po
/home/devl/Zero/depends/x86_64-unknown-linux-gnu/share/../native/bin/ccache g++ -m64 -std=c++11 -DHAVE_CONFIG_H -I. -I../src/config  -U_FORTIFY_SOURCE -D_FORTIFY_SOURCE=2 -I. -I./obj  -pthread -I/home/devl/Zero/depends/x86_64-unknown-linux-gnu/share/../include -I./leveldb/include -I./leveldb/helpers/memenv -I/home/devl/Zero/depends/x86_64-unknown-linux-gnu/include  -I/home/devl/Zero/depends/x86_64-unknown-linux-gnu/include  -I./secp256k1/include -I./univalue/include -I/home/devl/Zero/depends/x86_64-unknown-linux-gnu/share/../include/  -DHAVE_BUILD_INFO -D__STDC_FORMAT_MACROS -DPTHREAD_STACK_MIN=16384  -Wformat -Wformat-security -Wstack-protector -fstack-protector-all  -Wno-deprecated-declarations -Wno-nonnull -fPIE -pipe -O1 -g -fwrapv -fno-strict-aliasing -Wno-builtin-declaration-mismatch -MT libbitcoin_common_a-core_read.o -MD -MP -MF .deps/libbitcoin_common_a-core_read.Tpo -c -o libbitcoin_common_a-core_read.o `test -f 'core_read.cpp' || echo './'`core_read.cpp
mv -f .deps/libbitcoin_common_a-core_read.Tpo .deps/libbitcoin_common_a-core_read.Po
/home/devl/Zero/depends/x86_64-unknown-linux-gnu/share/../native/bin/ccache g++ -m64 -std=c++11 -DHAVE_CONFIG_H -I. -I../src/config  -U_FORTIFY_SOURCE -D_FORTIFY_SOURCE=2 -I. -I./obj  -pthread -I/home/devl/Zero/depends/x86_64-unknown-linux-gnu/share/../include -I./leveldb/include -I./leveldb/helpers/memenv -I/home/devl/Zero/depends/x86_64-unknown-linux-gnu/include  -I/home/devl/Zero/depends/x86_64-unknown-linux-gnu/include  -I./secp256k1/include -I./univalue/include -I/home/devl/Zero/depends/x86_64-unknown-linux-gnu/share/../include/  -DHAVE_BUILD_INFO -D__STDC_FORMAT_MACROS -DPTHREAD_STACK_MIN=16384  -Wformat -Wformat-security -Wstack-protector -fstack-protector-all  -Wno-deprecated-declarations -Wno-nonnull -fPIE -pipe -O1 -g -fwrapv -fno-strict-aliasing -Wno-builtin-declaration-mismatch -MT libbitcoin_common_a-core_write.o -MD -MP -MF .deps/libbitcoin_common_a-core_write.Tpo -c -o libbitcoin_common_a-core_write.o `test -f 'core_write.cpp' || echo './'`core_write.cpp
mv -f .deps/libbitcoin_common_a-core_write.Tpo .deps/libbitcoin_common_a-core_write.Po
/home/devl/Zero/depends/x86_64-unknown-linux-gnu/share/../native/bin/ccache g++ -m64 -std=c++11 -DHAVE_CONFIG_H -I. -I../src/config  -U_FORTIFY_SOURCE -D_FORTIFY_SOURCE=2 -I. -I./obj  -pthread -I/home/devl/Zero/depends/x86_64-unknown-linux-gnu/share/../include -I./leveldb/include -I./leveldb/helpers/memenv -I/home/devl/Zero/depends/x86_64-unknown-linux-gnu/include  -I/home/devl/Zero/depends/x86_64-unknown-linux-gnu/include  -I./secp256k1/include -I./univalue/include -I/home/devl/Zero/depends/x86_64-unknown-linux-gnu/share/../include/  -DHAVE_BUILD_INFO -D__STDC_FORMAT_MACROS -DPTHREAD_STACK_MIN=16384  -Wformat -Wformat-security -Wstack-protector -fstack-protector-all  -Wno-deprecated-declarations -Wno-nonnull -fPIE -pipe -O1 -g -fwrapv -fno-strict-aliasing -Wno-builtin-declaration-mismatch -MT libbitcoin_common_a-hash.o -MD -MP -MF .deps/libbitcoin_common_a-hash.Tpo -c -o libbitcoin_common_a-hash.o `test -f 'hash.cpp' || echo './'`hash.cpp
mv -f .deps/libbitcoin_common_a-hash.Tpo .deps/libbitcoin_common_a-hash.Po
/home/devl/Zero/depends/x86_64-unknown-linux-gnu/share/../native/bin/ccache g++ -m64 -std=c++11 -DHAVE_CONFIG_H -I. -I../src/config  -U_FORTIFY_SOURCE -D_FORTIFY_SOURCE=2 -I. -I./obj  -pthread -I/home/devl/Zero/depends/x86_64-unknown-linux-gnu/share/../include -I./leveldb/include -I./leveldb/helpers/memenv -I/home/devl/Zero/depends/x86_64-unknown-linux-gnu/include  -I/home/devl/Zero/depends/x86_64-unknown-linux-gnu/include  -I./secp256k1/include -I./univalue/include -I/home/devl/Zero/depends/x86_64-unknown-linux-gnu/share/../include/  -DHAVE_BUILD_INFO -D__STDC_FORMAT_MACROS -DPTHREAD_STACK_MIN=16384  -Wformat -Wformat-security -Wstack-protector -fstack-protector-all  -Wno-deprecated-declarations -Wno-nonnull -fPIE -pipe -O1 -g -fwrapv -fno-strict-aliasing -Wno-builtin-declaration-mismatch -MT libbitcoin_common_a-key.o -MD -MP -MF .deps/libbitcoin_common_a-key.Tpo -c -o libbitcoin_common_a-key.o `test -f 'key.cpp' || echo './'`key.cpp
mv -f .deps/libbitcoin_common_a-key.Tpo .deps/libbitcoin_common_a-key.Po
/home/devl/Zero/depends/x86_64-unknown-linux-gnu/share/../native/bin/ccache g++ -m64 -std=c++11 -DHAVE_CONFIG_H -I. -I../src/config  -U_FORTIFY_SOURCE -D_FORTIFY_SOURCE=2 -I. -I./obj  -pthread -I/home/devl/Zero/depends/x86_64-unknown-linux-gnu/share/../include -I./leveldb/include -I./leveldb/helpers/memenv -I/home/devl/Zero/depends/x86_64-unknown-linux-gnu/include  -I/home/devl/Zero/depends/x86_64-unknown-linux-gnu/include  -I./secp256k1/include -I./univalue/include -I/home/devl/Zero/depends/x86_64-unknown-linux-gnu/share/../include/  -DHAVE_BUILD_INFO -D__STDC_FORMAT_MACROS -DPTHREAD_STACK_MIN=16384  -Wformat -Wformat-security -Wstack-protector -fstack-protector-all  -Wno-deprecated-declarations -Wno-nonnull -fPIE -pipe -O1 -g -fwrapv -fno-strict-aliasing -Wno-builtin-declaration-mismatch -MT libbitcoin_common_a-key_io.o -MD -MP -MF .deps/libbitcoin_common_a-key_io.Tpo -c -o libbitcoin_common_a-key_io.o `test -f 'key_io.cpp' || echo './'`key_io.cpp
mv -f .deps/libbitcoin_common_a-key_io.Tpo .deps/libbitcoin_common_a-key_io.Po
/home/devl/Zero/depends/x86_64-unknown-linux-gnu/share/../native/bin/ccache g++ -m64 -std=c++11 -DHAVE_CONFIG_H -I. -I../src/config  -U_FORTIFY_SOURCE -D_FORTIFY_SOURCE=2 -I. -I./obj  -pthread -I/home/devl/Zero/depends/x86_64-unknown-linux-gnu/share/../include -I./leveldb/include -I./leveldb/helpers/memenv -I/home/devl/Zero/depends/x86_64-unknown-linux-gnu/include  -I/home/devl/Zero/depends/x86_64-unknown-linux-gnu/include  -I./secp256k1/include -I./univalue/include -I/home/devl/Zero/depends/x86_64-unknown-linux-gnu/share/../include/  -DHAVE_BUILD_INFO -D__STDC_FORMAT_MACROS -DPTHREAD_STACK_MIN=16384  -Wformat -Wformat-security -Wstack-protector -fstack-protector-all  -Wno-deprecated-declarations -Wno-nonnull -fPIE -pipe -O1 -g -fwrapv -fno-strict-aliasing -Wno-builtin-declaration-mismatch -MT libbitcoin_common_a-keystore.o -MD -MP -MF .deps/libbitcoin_common_a-keystore.Tpo -c -o libbitcoin_common_a-keystore.o `test -f 'keystore.cpp' || echo './'`keystore.cpp
mv -f .deps/libbitcoin_common_a-keystore.Tpo .deps/libbitcoin_common_a-keystore.Po
/home/devl/Zero/depends/x86_64-unknown-linux-gnu/share/../native/bin/ccache g++ -m64 -std=c++11 -DHAVE_CONFIG_H -I. -I../src/config  -U_FORTIFY_SOURCE -D_FORTIFY_SOURCE=2 -I. -I./obj  -pthread -I/home/devl/Zero/depends/x86_64-unknown-linux-gnu/share/../include -I./leveldb/include -I./leveldb/helpers/memenv -I/home/devl/Zero/depends/x86_64-unknown-linux-gnu/include  -I/home/devl/Zero/depends/x86_64-unknown-linux-gnu/include  -I./secp256k1/include -I./univalue/include -I/home/devl/Zero/depends/x86_64-unknown-linux-gnu/share/../include/  -DHAVE_BUILD_INFO -D__STDC_FORMAT_MACROS -DPTHREAD_STACK_MIN=16384  -Wformat -Wformat-security -Wstack-protector -fstack-protector-all  -Wno-deprecated-declarations -Wno-nonnull -fPIE -pipe -O1 -g -fwrapv -fno-strict-aliasing -Wno-builtin-declaration-mismatch -MT libbitcoin_common_a-netbase.o -MD -MP -MF .deps/libbitcoin_common_a-netbase.Tpo -c -o libbitcoin_common_a-netbase.o `test -f 'netbase.cpp' || echo './'`netbase.cpp
mv -f .deps/libbitcoin_common_a-netbase.Tpo .deps/libbitcoin_common_a-netbase.Po
/home/devl/Zero/depends/x86_64-unknown-linux-gnu/share/../native/bin/ccache g++ -m64 -std=c++11 -DHAVE_CONFIG_H -I. -I../src/config  -U_FORTIFY_SOURCE -D_FORTIFY_SOURCE=2 -I. -I./obj  -pthread -I/home/devl/Zero/depends/x86_64-unknown-linux-gnu/share/../include -I./leveldb/include -I./leveldb/helpers/memenv -I/home/devl/Zero/depends/x86_64-unknown-linux-gnu/include  -I/home/devl/Zero/depends/x86_64-unknown-linux-gnu/include  -I./secp256k1/include -I./univalue/include -I/home/devl/Zero/depends/x86_64-unknown-linux-gnu/share/../include/  -DHAVE_BUILD_INFO -D__STDC_FORMAT_MACROS -DPTHREAD_STACK_MIN=16384  -Wformat -Wformat-security -Wstack-protector -fstack-protector-all  -Wno-deprecated-declarations -Wno-nonnull -fPIE -pipe -O1 -g -fwrapv -fno-strict-aliasing -Wno-builtin-declaration-mismatch -MT primitives/libbitcoin_common_a-block.o -MD -MP -MF primitives/.deps/libbitcoin_common_a-block.Tpo -c -o primitives/libbitcoin_common_a-block.o `test -f 'primitives/block.cpp' || echo './'`primitives/block.cpp
mv -f primitives/.deps/libbitcoin_common_a-block.Tpo primitives/.deps/libbitcoin_common_a-block.Po
/home/devl/Zero/depends/x86_64-unknown-linux-gnu/share/../native/bin/ccache g++ -m64 -std=c++11 -DHAVE_CONFIG_H -I. -I../src/config  -U_FORTIFY_SOURCE -D_FORTIFY_SOURCE=2 -I. -I./obj  -pthread -I/home/devl/Zero/depends/x86_64-unknown-linux-gnu/share/../include -I./leveldb/include -I./leveldb/helpers/memenv -I/home/devl/Zero/depends/x86_64-unknown-linux-gnu/include  -I/home/devl/Zero/depends/x86_64-unknown-linux-gnu/include  -I./secp256k1/include -I./univalue/include -I/home/devl/Zero/depends/x86_64-unknown-linux-gnu/share/../include/  -DHAVE_BUILD_INFO -D__STDC_FORMAT_MACROS -DPTHREAD_STACK_MIN=16384  -Wformat -Wformat-security -Wstack-protector -fstack-protector-all  -Wno-deprecated-declarations -Wno-nonnull -fPIE -pipe -O1 -g -fwrapv -fno-strict-aliasing -Wno-builtin-declaration-mismatch -MT primitives/libbitcoin_common_a-transaction.o -MD -MP -MF primitives/.deps/libbitcoin_common_a-transaction.Tpo -c -o primitives/libbitcoin_common_a-transaction.o `test -f 'primitives/transaction.cpp' || echo './'`primitives/transaction.cpp
mv -f primitives/.deps/libbitcoin_common_a-transaction.Tpo primitives/.deps/libbitcoin_common_a-transaction.Po
/home/devl/Zero/depends/x86_64-unknown-linux-gnu/share/../native/bin/ccache g++ -m64 -std=c++11 -DHAVE_CONFIG_H -I. -I../src/config  -U_FORTIFY_SOURCE -D_FORTIFY_SOURCE=2 -I. -I./obj  -pthread -I/home/devl/Zero/depends/x86_64-unknown-linux-gnu/share/../include -I./leveldb/include -I./leveldb/helpers/memenv -I/home/devl/Zero/depends/x86_64-unknown-linux-gnu/include  -I/home/devl/Zero/depends/x86_64-unknown-linux-gnu/include  -I./secp256k1/include -I./univalue/include -I/home/devl/Zero/depends/x86_64-unknown-linux-gnu/share/../include/  -DHAVE_BUILD_INFO -D__STDC_FORMAT_MACROS -DPTHREAD_STACK_MIN=16384  -Wformat -Wformat-security -Wstack-protector -fstack-protector-all  -Wno-deprecated-declarations -Wno-nonnull -fPIE -pipe -O1 -g -fwrapv -fno-strict-aliasing -Wno-builtin-declaration-mismatch -MT libbitcoin_common_a-protocol.o -MD -MP -MF .deps/libbitcoin_common_a-protocol.Tpo -c -o libbitcoin_common_a-protocol.o `test -f 'protocol.cpp' || echo './'`protocol.cpp
mv -f .deps/libbitcoin_common_a-protocol.Tpo .deps/libbitcoin_common_a-protocol.Po
/home/devl/Zero/depends/x86_64-unknown-linux-gnu/share/../native/bin/ccache g++ -m64 -std=c++11 -DHAVE_CONFIG_H -I. -I../src/config  -U_FORTIFY_SOURCE -D_FORTIFY_SOURCE=2 -I. -I./obj  -pthread -I/home/devl/Zero/depends/x86_64-unknown-linux-gnu/share/../include -I./leveldb/include -I./leveldb/helpers/memenv -I/home/devl/Zero/depends/x86_64-unknown-linux-gnu/include  -I/home/devl/Zero/depends/x86_64-unknown-linux-gnu/include  -I./secp256k1/include -I./univalue/include -I/home/devl/Zero/depends/x86_64-unknown-linux-gnu/share/../include/  -DHAVE_BUILD_INFO -D__STDC_FORMAT_MACROS -DPTHREAD_STACK_MIN=16384  -Wformat -Wformat-security -Wstack-protector -fstack-protector-all  -Wno-deprecated-declarations -Wno-nonnull -fPIE -pipe -O1 -g -fwrapv -fno-strict-aliasing -Wno-builtin-declaration-mismatch -MT libbitcoin_common_a-pubkey.o -MD -MP -MF .deps/libbitcoin_common_a-pubkey.Tpo -c -o libbitcoin_common_a-pubkey.o `test -f 'pubkey.cpp' || echo './'`pubkey.cpp
mv -f .deps/libbitcoin_common_a-pubkey.Tpo .deps/libbitcoin_common_a-pubkey.Po
/home/devl/Zero/depends/x86_64-unknown-linux-gnu/share/../native/bin/ccache g++ -m64 -std=c++11 -DHAVE_CONFIG_H -I. -I../src/config  -U_FORTIFY_SOURCE -D_FORTIFY_SOURCE=2 -I. -I./obj  -pthread -I/home/devl/Zero/depends/x86_64-unknown-linux-gnu/share/../include -I./leveldb/include -I./leveldb/helpers/memenv -I/home/devl/Zero/depends/x86_64-unknown-linux-gnu/include  -I/home/devl/Zero/depends/x86_64-unknown-linux-gnu/include  -I./secp256k1/include -I./univalue/include -I/home/devl/Zero/depends/x86_64-unknown-linux-gnu/share/../include/  -DHAVE_BUILD_INFO -D__STDC_FORMAT_MACROS -DPTHREAD_STACK_MIN=16384  -Wformat -Wformat-security -Wstack-protector -fstack-protector-all  -Wno-deprecated-declarations -Wno-nonnull -fPIE -pipe -O1 -g -fwrapv -fno-strict-aliasing -Wno-builtin-declaration-mismatch -MT script/libbitcoin_common_a-interpreter.o -MD -MP -MF script/.deps/libbitcoin_common_a-interpreter.Tpo -c -o script/libbitcoin_common_a-interpreter.o `test -f 'script/interpreter.cpp' || echo './'`script/interpreter.cpp
mv -f script/.deps/libbitcoin_common_a-interpreter.Tpo script/.deps/libbitcoin_common_a-interpreter.Po
/home/devl/Zero/depends/x86_64-unknown-linux-gnu/share/../native/bin/ccache g++ -m64 -std=c++11 -DHAVE_CONFIG_H -I. -I../src/config  -U_FORTIFY_SOURCE -D_FORTIFY_SOURCE=2 -I. -I./obj  -pthread -I/home/devl/Zero/depends/x86_64-unknown-linux-gnu/share/../include -I./leveldb/include -I./leveldb/helpers/memenv -I/home/devl/Zero/depends/x86_64-unknown-linux-gnu/include  -I/home/devl/Zero/depends/x86_64-unknown-linux-gnu/include  -I./secp256k1/include -I./univalue/include -I/home/devl/Zero/depends/x86_64-unknown-linux-gnu/share/../include/  -DHAVE_BUILD_INFO -D__STDC_FORMAT_MACROS -DPTHREAD_STACK_MIN=16384  -Wformat -Wformat-security -Wstack-protector -fstack-protector-all  -Wno-deprecated-declarations -Wno-nonnull -fPIE -pipe -O1 -g -fwrapv -fno-strict-aliasing -Wno-builtin-declaration-mismatch -MT script/libbitcoin_common_a-script.o -MD -MP -MF script/.deps/libbitcoin_common_a-script.Tpo -c -o script/libbitcoin_common_a-script.o `test -f 'script/script.cpp' || echo './'`script/script.cpp
mv -f script/.deps/libbitcoin_common_a-script.Tpo script/.deps/libbitcoin_common_a-script.Po
/home/devl/Zero/depends/x86_64-unknown-linux-gnu/share/../native/bin/ccache g++ -m64 -std=c++11 -DHAVE_CONFIG_H -I. -I../src/config  -U_FORTIFY_SOURCE -D_FORTIFY_SOURCE=2 -I. -I./obj  -pthread -I/home/devl/Zero/depends/x86_64-unknown-linux-gnu/share/../include -I./leveldb/include -I./leveldb/helpers/memenv -I/home/devl/Zero/depends/x86_64-unknown-linux-gnu/include  -I/home/devl/Zero/depends/x86_64-unknown-linux-gnu/include  -I./secp256k1/include -I./univalue/include -I/home/devl/Zero/depends/x86_64-unknown-linux-gnu/share/../include/  -DHAVE_BUILD_INFO -D__STDC_FORMAT_MACROS -DPTHREAD_STACK_MIN=16384  -Wformat -Wformat-security -Wstack-protector -fstack-protector-all  -Wno-deprecated-declarations -Wno-nonnull -fPIE -pipe -O1 -g -fwrapv -fno-strict-aliasing -Wno-builtin-declaration-mismatch -MT script/libbitcoin_common_a-sign.o -MD -MP -MF script/.deps/libbitcoin_common_a-sign.Tpo -c -o script/libbitcoin_common_a-sign.o `test -f 'script/sign.cpp' || echo './'`script/sign.cpp
mv -f script/.deps/libbitcoin_common_a-sign.Tpo script/.deps/libbitcoin_common_a-sign.Po
/home/devl/Zero/depends/x86_64-unknown-linux-gnu/share/../native/bin/ccache g++ -m64 -std=c++11 -DHAVE_CONFIG_H -I. -I../src/config  -U_FORTIFY_SOURCE -D_FORTIFY_SOURCE=2 -I. -I./obj  -pthread -I/home/devl/Zero/depends/x86_64-unknown-linux-gnu/share/../include -I./leveldb/include -I./leveldb/helpers/memenv -I/home/devl/Zero/depends/x86_64-unknown-linux-gnu/include  -I/home/devl/Zero/depends/x86_64-unknown-linux-gnu/include  -I./secp256k1/include -I./univalue/include -I/home/devl/Zero/depends/x86_64-unknown-linux-gnu/share/../include/  -DHAVE_BUILD_INFO -D__STDC_FORMAT_MACROS -DPTHREAD_STACK_MIN=16384  -Wformat -Wformat-security -Wstack-protector -fstack-protector-all  -Wno-deprecated-declarations -Wno-nonnull -fPIE -pipe -O1 -g -fwrapv -fno-strict-aliasing -Wno-builtin-declaration-mismatch -MT script/libbitcoin_common_a-standard.o -MD -MP -MF script/.deps/libbitcoin_common_a-standard.Tpo -c -o script/libbitcoin_common_a-standard.o `test -f 'script/standard.cpp' || echo './'`script/standard.cpp
mv -f script/.deps/libbitcoin_common_a-standard.Tpo script/.deps/libbitcoin_common_a-standard.Po
/home/devl/Zero/depends/x86_64-unknown-linux-gnu/share/../native/bin/ccache g++ -m64 -std=c++11 -DHAVE_CONFIG_H -I. -I../src/config  -U_FORTIFY_SOURCE -D_FORTIFY_SOURCE=2 -I. -I./obj  -pthread -I/home/devl/Zero/depends/x86_64-unknown-linux-gnu/share/../include -I./leveldb/include -I./leveldb/helpers/memenv -I/home/devl/Zero/depends/x86_64-unknown-linux-gnu/include  -I/home/devl/Zero/depends/x86_64-unknown-linux-gnu/include  -I./secp256k1/include -I./univalue/include -I/home/devl/Zero/depends/x86_64-unknown-linux-gnu/share/../include/  -DHAVE_BUILD_INFO -D__STDC_FORMAT_MACROS -DPTHREAD_STACK_MIN=16384  -Wformat -Wformat-security -Wstack-protector -fstack-protector-all  -Wno-deprecated-declarations -Wno-nonnull -fPIE -pipe -O1 -g -fwrapv -fno-strict-aliasing -Wno-builtin-declaration-mismatch -MT zeronode/libbitcoin_common_a-sporkdb.o -MD -MP -MF zeronode/.deps/libbitcoin_common_a-sporkdb.Tpo -c -o zeronode/libbitcoin_common_a-sporkdb.o `test -f 'zeronode/sporkdb.cpp' || echo './'`zeronode/sporkdb.cpp
mv -f zeronode/.deps/libbitcoin_common_a-sporkdb.Tpo zeronode/.deps/libbitcoin_common_a-sporkdb.Po
/home/devl/Zero/depends/x86_64-unknown-linux-gnu/share/../native/bin/ccache g++ -m64 -std=c++11 -DHAVE_CONFIG_H -I. -I../src/config  -U_FORTIFY_SOURCE -D_FORTIFY_SOURCE=2 -I. -I./obj  -pthread -I/home/devl/Zero/depends/x86_64-unknown-linux-gnu/share/../include -I./leveldb/include -I./leveldb/helpers/memenv -I/home/devl/Zero/depends/x86_64-unknown-linux-gnu/include  -I/home/devl/Zero/depends/x86_64-unknown-linux-gnu/include  -I./secp256k1/include -I./univalue/include -I/home/devl/Zero/depends/x86_64-unknown-linux-gnu/share/../include/  -DHAVE_BUILD_INFO -D__STDC_FORMAT_MACROS -DPTHREAD_STACK_MIN=16384  -Wformat -Wformat-security -Wstack-protector -fstack-protector-all  -Wno-deprecated-declarations -Wno-nonnull -fPIE -pipe -O1 -g -fwrapv -fno-strict-aliasing -Wno-builtin-declaration-mismatch -MT libbitcoin_common_a-transaction_builder.o -MD -MP -MF .deps/libbitcoin_common_a-transaction_builder.Tpo -c -o libbitcoin_common_a-transaction_builder.o `test -f 'transaction_builder.cpp' || echo './'`transaction_builder.cpp
mv -f .deps/libbitcoin_common_a-transaction_builder.Tpo .deps/libbitcoin_common_a-transaction_builder.Po
/home/devl/Zero/depends/x86_64-unknown-linux-gnu/share/../native/bin/ccache g++ -m64 -std=c++11 -DHAVE_CONFIG_H -I. -I../src/config  -U_FORTIFY_SOURCE -D_FORTIFY_SOURCE=2 -I. -I./obj  -pthread -I/home/devl/Zero/depends/x86_64-unknown-linux-gnu/share/../include -I./leveldb/include -I./leveldb/helpers/memenv -I/home/devl/Zero/depends/x86_64-unknown-linux-gnu/include  -I/home/devl/Zero/depends/x86_64-unknown-linux-gnu/include  -I./secp256k1/include -I./univalue/include -I/home/devl/Zero/depends/x86_64-unknown-linux-gnu/share/../include/  -DHAVE_BUILD_INFO -D__STDC_FORMAT_MACROS -DPTHREAD_STACK_MIN=16384  -Wformat -Wformat-security -Wstack-protector -fstack-protector-all  -Wno-deprecated-declarations -Wno-nonnull -fPIE -pipe -O1 -g -fwrapv -fno-strict-aliasing -Wno-builtin-declaration-mismatch -MT libbitcoin_common_a-utiltest.o -MD -MP -MF .deps/libbitcoin_common_a-utiltest.Tpo -c -o libbitcoin_common_a-utiltest.o `test -f 'utiltest.cpp' || echo './'`utiltest.cpp
mv -f .deps/libbitcoin_common_a-utiltest.Tpo .deps/libbitcoin_common_a-utiltest.Po
rm -f libbitcoin_common.a
ar cr libbitcoin_common.a libbitcoin_common_a-amount.o libbitcoin_common_a-arith_uint256.o libbitcoin_common_a-base58.o libbitcoin_common_a-bech32.o libbitcoin_common_a-chainparams.o libbitcoin_common_a-coins.o libbitcoin_common_a-compressor.o consensus/libbitcoin_common_a-params.o consensus/libbitcoin_common_a-upgrades.o libbitcoin_common_a-core_read.o libbitcoin_common_a-core_write.o libbitcoin_common_a-hash.o libbitcoin_common_a-key.o libbitcoin_common_a-key_io.o libbitcoin_common_a-keystore.o libbitcoin_common_a-netbase.o primitives/libbitcoin_common_a-block.o primitives/libbitcoin_common_a-transaction.o libbitcoin_common_a-protocol.o libbitcoin_common_a-pubkey.o libbitcoin_common_a-scheduler.o script/libbitcoin_common_a-interpreter.o script/libbitcoin_common_a-script.o script/libbitcoin_common_a-script_error.o script/libbitcoin_common_a-sign.o script/libbitcoin_common_a-standard.o zeronode/libbitcoin_common_a-sporkdb.o libbitcoin_common_a-transaction_builder.o libbitcoin_common_a-utiltest.o   
ranlib libbitcoin_common.a
/home/devl/Zero/depends/x86_64-unknown-linux-gnu/share/../native/bin/ccache g++ -m64 -std=c++11 -DHAVE_CONFIG_H -I. -I../src/config  -U_FORTIFY_SOURCE -D_FORTIFY_SOURCE=2 -I. -I./obj  -pthread -I/home/devl/Zero/depends/x86_64-unknown-linux-gnu/share/../include -I./leveldb/include -I./leveldb/helpers/memenv -I/home/devl/Zero/depends/x86_64-unknown-linux-gnu/include  -I/home/devl/Zero/depends/x86_64-unknown-linux-gnu/include  -I./secp256k1/include -I./univalue/include -I/home/devl/Zero/depends/x86_64-unknown-linux-gnu/share/../include/  -DHAVE_BUILD_INFO -D__STDC_FORMAT_MACROS -DPTHREAD_STACK_MIN=16384  -Wformat -Wformat-security -Wstack-protector -fstack-protector-all  -Wno-deprecated-declarations -Wno-nonnull -fPIE -pipe -O1 -g -fwrapv -fno-strict-aliasing -Wno-builtin-declaration-mismatch -MT support/libbitcoin_util_a-pagelocker.o -MD -MP -MF support/.deps/libbitcoin_util_a-pagelocker.Tpo -c -o support/libbitcoin_util_a-pagelocker.o `test -f 'support/pagelocker.cpp' || echo './'`support/pagelocker.cpp
mv -f support/.deps/libbitcoin_util_a-pagelocker.Tpo support/.deps/libbitcoin_util_a-pagelocker.Po
/home/devl/Zero/depends/x86_64-unknown-linux-gnu/share/../native/bin/ccache g++ -m64 -std=c++11 -DHAVE_CONFIG_H -I. -I../src/config  -U_FORTIFY_SOURCE -D_FORTIFY_SOURCE=2 -I. -I./obj  -pthread -I/home/devl/Zero/depends/x86_64-unknown-linux-gnu/share/../include -I./leveldb/include -I./leveldb/helpers/memenv -I/home/devl/Zero/depends/x86_64-unknown-linux-gnu/include  -I/home/devl/Zero/depends/x86_64-unknown-linux-gnu/include  -I./secp256k1/include -I./univalue/include -I/home/devl/Zero/depends/x86_64-unknown-linux-gnu/share/../include/  -DHAVE_BUILD_INFO -D__STDC_FORMAT_MACROS -DPTHREAD_STACK_MIN=16384  -Wformat -Wformat-security -Wstack-protector -fstack-protector-all  -Wno-deprecated-declarations -Wno-nonnull -fPIE -pipe -O1 -g -fwrapv -fno-strict-aliasing -Wno-builtin-declaration-mismatch -MT libbitcoin_util_a-chainparamsbase.o -MD -MP -MF .deps/libbitcoin_util_a-chainparamsbase.Tpo -c -o libbitcoin_util_a-chainparamsbase.o `test -f 'chainparamsbase.cpp' || echo './'`chainparamsbase.cpp
mv -f .deps/libbitcoin_util_a-chainparamsbase.Tpo .deps/libbitcoin_util_a-chainparamsbase.Po
/home/devl/Zero/depends/x86_64-unknown-linux-gnu/share/../native/bin/ccache g++ -m64 -std=c++11 -DHAVE_CONFIG_H -I. -I../src/config  -U_FORTIFY_SOURCE -D_FORTIFY_SOURCE=2 -I. -I./obj  -pthread -I/home/devl/Zero/depends/x86_64-unknown-linux-gnu/share/../include -I./leveldb/include -I./leveldb/helpers/memenv -I/home/devl/Zero/depends/x86_64-unknown-linux-gnu/include  -I/home/devl/Zero/depends/x86_64-unknown-linux-gnu/include  -I./secp256k1/include -I./univalue/include -I/home/devl/Zero/depends/x86_64-unknown-linux-gnu/share/../include/  -DHAVE_BUILD_INFO -D__STDC_FORMAT_MACROS -DPTHREAD_STACK_MIN=16384  -Wformat -Wformat-security -Wstack-protector -fstack-protector-all  -Wno-deprecated-declarations -Wno-nonnull -fPIE -pipe -O1 -g -fwrapv -fno-strict-aliasing -Wno-builtin-declaration-mismatch -MT libbitcoin_util_a-clientversion.o -MD -MP -MF .deps/libbitcoin_util_a-clientversion.Tpo -c -o libbitcoin_util_a-clientversion.o `test -f 'clientversion.cpp' || echo './'`clientversion.cpp
mv -f .deps/libbitcoin_util_a-clientversion.Tpo .deps/libbitcoin_util_a-clientversion.Po
/home/devl/Zero/depends/x86_64-unknown-linux-gnu/share/../native/bin/ccache g++ -m64 -std=c++11 -DHAVE_CONFIG_H -I. -I../src/config  -U_FORTIFY_SOURCE -D_FORTIFY_SOURCE=2 -I. -I./obj  -pthread -I/home/devl/Zero/depends/x86_64-unknown-linux-gnu/share/../include -I./leveldb/include -I./leveldb/helpers/memenv -I/home/devl/Zero/depends/x86_64-unknown-linux-gnu/include  -I/home/devl/Zero/depends/x86_64-unknown-linux-gnu/include  -I./secp256k1/include -I./univalue/include -I/home/devl/Zero/depends/x86_64-unknown-linux-gnu/share/../include/  -DHAVE_BUILD_INFO -D__STDC_FORMAT_MACROS -DPTHREAD_STACK_MIN=16384  -Wformat -Wformat-security -Wstack-protector -fstack-protector-all  -Wno-deprecated-declarations -Wno-nonnull -fPIE -pipe -O1 -g -fwrapv -fno-strict-aliasing -Wno-builtin-declaration-mismatch -MT compat/libbitcoin_util_a-glibc_sanity.o -MD -MP -MF compat/.deps/libbitcoin_util_a-glibc_sanity.Tpo -c -o compat/libbitcoin_util_a-glibc_sanity.o `test -f 'compat/glibc_sanity.cpp' || echo './'`compat/glibc_sanity.cpp
mv -f compat/.deps/libbitcoin_util_a-glibc_sanity.Tpo compat/.deps/libbitcoin_util_a-glibc_sanity.Po
/home/devl/Zero/depends/x86_64-unknown-linux-gnu/share/../native/bin/ccache g++ -m64 -std=c++11 -DHAVE_CONFIG_H -I. -I../src/config  -U_FORTIFY_SOURCE -D_FORTIFY_SOURCE=2 -I. -I./obj  -pthread -I/home/devl/Zero/depends/x86_64-unknown-linux-gnu/share/../include -I./leveldb/include -I./leveldb/helpers/memenv -I/home/devl/Zero/depends/x86_64-unknown-linux-gnu/include  -I/home/devl/Zero/depends/x86_64-unknown-linux-gnu/include  -I./secp256k1/include -I./univalue/include -I/home/devl/Zero/depends/x86_64-unknown-linux-gnu/share/../include/  -DHAVE_BUILD_INFO -D__STDC_FORMAT_MACROS -DPTHREAD_STACK_MIN=16384  -Wformat -Wformat-security -Wstack-protector -fstack-protector-all  -Wno-deprecated-declarations -Wno-nonnull -fPIE -pipe -O1 -g -fwrapv -fno-strict-aliasing -Wno-builtin-declaration-mismatch -MT compat/libbitcoin_util_a-strnlen.o -MD -MP -MF compat/.deps/libbitcoin_util_a-strnlen.Tpo -c -o compat/libbitcoin_util_a-strnlen.o `test -f 'compat/strnlen.cpp' || echo './'`compat/strnlen.cpp
mv -f compat/.deps/libbitcoin_util_a-strnlen.Tpo compat/.deps/libbitcoin_util_a-strnlen.Po
/home/devl/Zero/depends/x86_64-unknown-linux-gnu/share/../native/bin/ccache g++ -m64 -std=c++11 -DHAVE_CONFIG_H -I. -I../src/config  -U_FORTIFY_SOURCE -D_FORTIFY_SOURCE=2 -I. -I./obj  -pthread -I/home/devl/Zero/depends/x86_64-unknown-linux-gnu/share/../include -I./leveldb/include -I./leveldb/helpers/memenv -I/home/devl/Zero/depends/x86_64-unknown-linux-gnu/include  -I/home/devl/Zero/depends/x86_64-unknown-linux-gnu/include  -I./secp256k1/include -I./univalue/include -I/home/devl/Zero/depends/x86_64-unknown-linux-gnu/share/../include/  -DHAVE_BUILD_INFO -D__STDC_FORMAT_MACROS -DPTHREAD_STACK_MIN=16384  -Wformat -Wformat-security -Wstack-protector -fstack-protector-all  -Wno-deprecated-declarations -Wno-nonnull -fPIE -pipe -O1 -g -fwrapv -fno-strict-aliasing -Wno-builtin-declaration-mismatch -MT libbitcoin_util_a-random.o -MD -MP -MF .deps/libbitcoin_util_a-random.Tpo -c -o libbitcoin_util_a-random.o `test -f 'random.cpp' || echo './'`random.cpp
mv -f .deps/libbitcoin_util_a-random.Tpo .deps/libbitcoin_util_a-random.Po
/home/devl/Zero/depends/x86_64-unknown-linux-gnu/share/../native/bin/ccache g++ -m64 -std=c++11 -DHAVE_CONFIG_H -I. -I../src/config  -U_FORTIFY_SOURCE -D_FORTIFY_SOURCE=2 -I. -I./obj  -pthread -I/home/devl/Zero/depends/x86_64-unknown-linux-gnu/share/../include -I./leveldb/include -I./leveldb/helpers/memenv -I/home/devl/Zero/depends/x86_64-unknown-linux-gnu/include  -I/home/devl/Zero/depends/x86_64-unknown-linux-gnu/include  -I./secp256k1/include -I./univalue/include -I/home/devl/Zero/depends/x86_64-unknown-linux-gnu/share/../include/  -DHAVE_BUILD_INFO -D__STDC_FORMAT_MACROS -DPTHREAD_STACK_MIN=16384  -Wformat -Wformat-security -Wstack-protector -fstack-protector-all  -Wno-deprecated-declarations -Wno-nonnull -fPIE -pipe -O1 -g -fwrapv -fno-strict-aliasing -Wno-builtin-declaration-mismatch -MT rpc/libbitcoin_util_a-protocol.o -MD -MP -MF rpc/.deps/libbitcoin_util_a-protocol.Tpo -c -o rpc/libbitcoin_util_a-protocol.o `test -f 'rpc/protocol.cpp' || echo './'`rpc/protocol.cpp
mv -f rpc/.deps/libbitcoin_util_a-protocol.Tpo rpc/.deps/libbitcoin_util_a-protocol.Po
/home/devl/Zero/depends/x86_64-unknown-linux-gnu/share/../native/bin/ccache g++ -m64 -std=c++11 -DHAVE_CONFIG_H -I. -I../src/config  -U_FORTIFY_SOURCE -D_FORTIFY_SOURCE=2 -I. -I./obj  -pthread -I/home/devl/Zero/depends/x86_64-unknown-linux-gnu/share/../include -I./leveldb/include -I./leveldb/helpers/memenv -I/home/devl/Zero/depends/x86_64-unknown-linux-gnu/include  -I/home/devl/Zero/depends/x86_64-unknown-linux-gnu/include  -I./secp256k1/include -I./univalue/include -I/home/devl/Zero/depends/x86_64-unknown-linux-gnu/share/../include/  -DHAVE_BUILD_INFO -D__STDC_FORMAT_MACROS -DPTHREAD_STACK_MIN=16384  -Wformat -Wformat-security -Wstack-protector -fstack-protector-all  -Wno-deprecated-declarations -Wno-nonnull -fPIE -pipe -O1 -g -fwrapv -fno-strict-aliasing -Wno-builtin-declaration-mismatch -MT libbitcoin_util_a-sync.o -MD -MP -MF .deps/libbitcoin_util_a-sync.Tpo -c -o libbitcoin_util_a-sync.o `test -f 'sync.cpp' || echo './'`sync.cpp
mv -f .deps/libbitcoin_util_a-sync.Tpo .deps/libbitcoin_util_a-sync.Po
/home/devl/Zero/depends/x86_64-unknown-linux-gnu/share/../native/bin/ccache g++ -m64 -std=c++11 -DHAVE_CONFIG_H -I. -I../src/config  -U_FORTIFY_SOURCE -D_FORTIFY_SOURCE=2 -I. -I./obj  -pthread -I/home/devl/Zero/depends/x86_64-unknown-linux-gnu/share/../include -I./leveldb/include -I./leveldb/helpers/memenv -I/home/devl/Zero/depends/x86_64-unknown-linux-gnu/include  -I/home/devl/Zero/depends/x86_64-unknown-linux-gnu/include  -I./secp256k1/include -I./univalue/include -I/home/devl/Zero/depends/x86_64-unknown-linux-gnu/share/../include/  -DHAVE_BUILD_INFO -D__STDC_FORMAT_MACROS -DPTHREAD_STACK_MIN=16384  -Wformat -Wformat-security -Wstack-protector -fstack-protector-all  -Wno-deprecated-declarations -Wno-nonnull -fPIE -pipe -O1 -g -fwrapv -fno-strict-aliasing -Wno-builtin-declaration-mismatch -MT libbitcoin_util_a-util.o -MD -MP -MF .deps/libbitcoin_util_a-util.Tpo -c -o libbitcoin_util_a-util.o `test -f 'util.cpp' || echo './'`util.cpp
mv -f .deps/libbitcoin_util_a-util.Tpo .deps/libbitcoin_util_a-util.Po
/home/devl/Zero/depends/x86_64-unknown-linux-gnu/share/../native/bin/ccache g++ -m64 -std=c++11 -DHAVE_CONFIG_H -I. -I../src/config  -U_FORTIFY_SOURCE -D_FORTIFY_SOURCE=2 -I. -I./obj  -pthread -I/home/devl/Zero/depends/x86_64-unknown-linux-gnu/share/../include -I./leveldb/include -I./leveldb/helpers/memenv -I/home/devl/Zero/depends/x86_64-unknown-linux-gnu/include  -I/home/devl/Zero/depends/x86_64-unknown-linux-gnu/include  -I./secp256k1/include -I./univalue/include -I/home/devl/Zero/depends/x86_64-unknown-linux-gnu/share/../include/  -DHAVE_BUILD_INFO -D__STDC_FORMAT_MACROS -DPTHREAD_STACK_MIN=16384  -Wformat -Wformat-security -Wstack-protector -fstack-protector-all  -Wno-deprecated-declarations -Wno-nonnull -fPIE -pipe -O1 -g -fwrapv -fno-strict-aliasing -Wno-builtin-declaration-mismatch -MT libbitcoin_util_a-utilmoneystr.o -MD -MP -MF .deps/libbitcoin_util_a-utilmoneystr.Tpo -c -o libbitcoin_util_a-utilmoneystr.o `test -f 'utilmoneystr.cpp' || echo './'`utilmoneystr.cpp
mv -f .deps/libbitcoin_util_a-utilmoneystr.Tpo .deps/libbitcoin_util_a-utilmoneystr.Po
/home/devl/Zero/depends/x86_64-unknown-linux-gnu/share/../native/bin/ccache g++ -m64 -std=c++11 -DHAVE_CONFIG_H -I. -I../src/config  -U_FORTIFY_SOURCE -D_FORTIFY_SOURCE=2 -I. -I./obj  -pthread -I/home/devl/Zero/depends/x86_64-unknown-linux-gnu/share/../include -I./leveldb/include -I./leveldb/helpers/memenv -I/home/devl/Zero/depends/x86_64-unknown-linux-gnu/include  -I/home/devl/Zero/depends/x86_64-unknown-linux-gnu/include  -I./secp256k1/include -I./univalue/include -I/home/devl/Zero/depends/x86_64-unknown-linux-gnu/share/../include/  -DHAVE_BUILD_INFO -D__STDC_FORMAT_MACROS -DPTHREAD_STACK_MIN=16384  -Wformat -Wformat-security -Wstack-protector -fstack-protector-all  -Wno-deprecated-declarations -Wno-nonnull -fPIE -pipe -O1 -g -fwrapv -fno-strict-aliasing -Wno-builtin-declaration-mismatch -MT libbitcoin_util_a-utiltime.o -MD -MP -MF .deps/libbitcoin_util_a-utiltime.Tpo -c -o libbitcoin_util_a-utiltime.o `test -f 'utiltime.cpp' || echo './'`utiltime.cpp
mv -f .deps/libbitcoin_util_a-utiltime.Tpo .deps/libbitcoin_util_a-utiltime.Po
rm -f libbitcoin_util.a
ar cr libbitcoin_util.a support/libbitcoin_util_a-pagelocker.o libbitcoin_util_a-chainparamsbase.o libbitcoin_util_a-clientversion.o compat/libbitcoin_util_a-glibc_sanity.o compat/libbitcoin_util_a-glibcxx_sanity.o compat/libbitcoin_util_a-strnlen.o libbitcoin_util_a-random.o rpc/libbitcoin_util_a-protocol.o support/libbitcoin_util_a-cleanse.o libbitcoin_util_a-sync.o libbitcoin_util_a-uint256.o libbitcoin_util_a-util.o libbitcoin_util_a-utilmoneystr.o libbitcoin_util_a-utilstrencodings.o libbitcoin_util_a-utiltime.o     
ranlib libbitcoin_util.a
/home/devl/Zero/depends/x86_64-unknown-linux-gnu/share/../native/bin/ccache g++ -m64 -std=c++11 -DHAVE_CONFIG_H -I. -I../src/config  -I. -I./obj  -pthread -I/home/devl/Zero/depends/x86_64-unknown-linux-gnu/share/../include -I./leveldb/include -I./leveldb/helpers/memenv -I/home/devl/Zero/depends/x86_64-unknown-linux-gnu/include  -I/home/devl/Zero/depends/x86_64-unknown-linux-gnu/include  -I./secp256k1/include -I./univalue/include -I/home/devl/Zero/depends/x86_64-unknown-linux-gnu/include  -I/home/devl/Zero/depends/x86_64-unknown-linux-gnu/share/../include/  -DHAVE_BUILD_INFO -D__STDC_FORMAT_MACROS -DPTHREAD_STACK_MIN=16384  -Wformat -Wformat-security -Wstack-protector -fstack-protector-all  -Wno-deprecated-declarations -Wno-nonnull -fPIE -pipe -O1 -g -fwrapv -fno-strict-aliasing -Wno-builtin-declaration-mismatch -MT zmq/libbitcoin_zmq_a-zmqabstractnotifier.o -MD -MP -MF zmq/.deps/libbitcoin_zmq_a-zmqabstractnotifier.Tpo -c -o zmq/libbitcoin_zmq_a-zmqabstractnotifier.o `test -f 'zmq/zmqabstractnotifier.cpp' || echo './'`zmq/zmqabstractnotifier.cpp
mv -f zmq/.deps/libbitcoin_zmq_a-zmqabstractnotifier.Tpo zmq/.deps/libbitcoin_zmq_a-zmqabstractnotifier.Po
/home/devl/Zero/depends/x86_64-unknown-linux-gnu/share/../native/bin/ccache g++ -m64 -std=c++11 -DHAVE_CONFIG_H -I. -I../src/config  -I. -I./obj  -pthread -I/home/devl/Zero/depends/x86_64-unknown-linux-gnu/share/../include -I./leveldb/include -I./leveldb/helpers/memenv -I/home/devl/Zero/depends/x86_64-unknown-linux-gnu/include  -I/home/devl/Zero/depends/x86_64-unknown-linux-gnu/include  -I./secp256k1/include -I./univalue/include -I/home/devl/Zero/depends/x86_64-unknown-linux-gnu/include  -I/home/devl/Zero/depends/x86_64-unknown-linux-gnu/share/../include/  -DHAVE_BUILD_INFO -D__STDC_FORMAT_MACROS -DPTHREAD_STACK_MIN=16384  -Wformat -Wformat-security -Wstack-protector -fstack-protector-all  -Wno-deprecated-declarations -Wno-nonnull -fPIE -pipe -O1 -g -fwrapv -fno-strict-aliasing -Wno-builtin-declaration-mismatch -MT zmq/libbitcoin_zmq_a-zmqnotificationinterface.o -MD -MP -MF zmq/.deps/libbitcoin_zmq_a-zmqnotificationinterface.Tpo -c -o zmq/libbitcoin_zmq_a-zmqnotificationinterface.o `test -f 'zmq/zmqnotificationinterface.cpp' || echo './'`zmq/zmqnotificationinterface.cpp
mv -f zmq/.deps/libbitcoin_zmq_a-zmqnotificationinterface.Tpo zmq/.deps/libbitcoin_zmq_a-zmqnotificationinterface.Po
/home/devl/Zero/depends/x86_64-unknown-linux-gnu/share/../native/bin/ccache g++ -m64 -std=c++11 -DHAVE_CONFIG_H -I. -I../src/config  -I. -I./obj  -pthread -I/home/devl/Zero/depends/x86_64-unknown-linux-gnu/share/../include -I./leveldb/include -I./leveldb/helpers/memenv -I/home/devl/Zero/depends/x86_64-unknown-linux-gnu/include  -I/home/devl/Zero/depends/x86_64-unknown-linux-gnu/include  -I./secp256k1/include -I./univalue/include -I/home/devl/Zero/depends/x86_64-unknown-linux-gnu/include  -I/home/devl/Zero/depends/x86_64-unknown-linux-gnu/share/../include/  -DHAVE_BUILD_INFO -D__STDC_FORMAT_MACROS -DPTHREAD_STACK_MIN=16384  -Wformat -Wformat-security -Wstack-protector -fstack-protector-all  -Wno-deprecated-declarations -Wno-nonnull -fPIE -pipe -O1 -g -fwrapv -fno-strict-aliasing -Wno-builtin-declaration-mismatch -MT zmq/libbitcoin_zmq_a-zmqpublishnotifier.o -MD -MP -MF zmq/.deps/libbitcoin_zmq_a-zmqpublishnotifier.Tpo -c -o zmq/libbitcoin_zmq_a-zmqpublishnotifier.o `test -f 'zmq/zmqpublishnotifier.cpp' || echo './'`zmq/zmqpublishnotifier.cpp
mv -f zmq/.deps/libbitcoin_zmq_a-zmqpublishnotifier.Tpo zmq/.deps/libbitcoin_zmq_a-zmqpublishnotifier.Po
rm -f libbitcoin_zmq.a
ar cr libbitcoin_zmq.a zmq/libbitcoin_zmq_a-zmqabstractnotifier.o zmq/libbitcoin_zmq_a-zmqnotificationinterface.o zmq/libbitcoin_zmq_a-zmqpublishnotifier.o 
ranlib libbitcoin_zmq.a
/home/devl/Zero/depends/x86_64-unknown-linux-gnu/share/../native/bin/ccache g++ -m64 -std=c++11 -DHAVE_CONFIG_H -I. -I../src/config  -U_FORTIFY_SOURCE -D_FORTIFY_SOURCE=2 -I./config -DEQUIHASH_TROMP_ATOMIC -I/home/devl/Zero/depends/x86_64-unknown-linux-gnu/share/../include/  -DHAVE_BUILD_INFO -D__STDC_FORMAT_MACROS -DPTHREAD_STACK_MIN=16384  -Wformat -Wformat-security -Wstack-protector -fstack-protector-all  -Wno-deprecated-declarations -Wno-nonnull -fPIE -pipe -O1 -g -fwrapv -fno-strict-aliasing -Wno-builtin-declaration-mismatch -MT crypto/libbitcoin_crypto_a-equihash.o -MD -MP -MF crypto/.deps/libbitcoin_crypto_a-equihash.Tpo -c -o crypto/libbitcoin_crypto_a-equihash.o `test -f 'crypto/equihash.cpp' || echo './'`crypto/equihash.cpp
mv -f crypto/.deps/libbitcoin_crypto_a-equihash.Tpo crypto/.deps/libbitcoin_crypto_a-equihash.Po
/home/devl/Zero/depends/x86_64-unknown-linux-gnu/share/../native/bin/ccache g++ -m64 -std=c++11 -DHAVE_CONFIG_H -I. -I../src/config  -U_FORTIFY_SOURCE -D_FORTIFY_SOURCE=2 -I./config -DEQUIHASH_TROMP_ATOMIC -I/home/devl/Zero/depends/x86_64-unknown-linux-gnu/share/../include/  -DHAVE_BUILD_INFO -D__STDC_FORMAT_MACROS -DPTHREAD_STACK_MIN=16384  -Wformat -Wformat-security -Wstack-protector -fstack-protector-all  -Wno-deprecated-declarations -Wno-nonnull -fPIE -pipe -O1 -g -fwrapv -fno-strict-aliasing -Wno-builtin-declaration-mismatch -MT crypto/libbitcoin_crypto_a-ripemd160.o -MD -MP -MF crypto/.deps/libbitcoin_crypto_a-ripemd160.Tpo -c -o crypto/libbitcoin_crypto_a-ripemd160.o `test -f 'crypto/ripemd160.cpp' || echo './'`crypto/ripemd160.cpp
mv -f crypto/.deps/libbitcoin_crypto_a-ripemd160.Tpo crypto/.deps/libbitcoin_crypto_a-ripemd160.Po
/home/devl/Zero/depends/x86_64-unknown-linux-gnu/share/../native/bin/ccache g++ -m64 -std=c++11 -DHAVE_CONFIG_H -I. -I../src/config  -U_FORTIFY_SOURCE -D_FORTIFY_SOURCE=2 -I./config -DEQUIHASH_TROMP_ATOMIC -I/home/devl/Zero/depends/x86_64-unknown-linux-gnu/share/../include/  -DHAVE_BUILD_INFO -D__STDC_FORMAT_MACROS -DPTHREAD_STACK_MIN=16384  -Wformat -Wformat-security -Wstack-protector -fstack-protector-all  -Wno-deprecated-declarations -Wno-nonnull -fPIE -pipe -O1 -g -fwrapv -fno-strict-aliasing -Wno-builtin-declaration-mismatch -MT crypto/libbitcoin_crypto_a-sha1.o -MD -MP -MF crypto/.deps/libbitcoin_crypto_a-sha1.Tpo -c -o crypto/libbitcoin_crypto_a-sha1.o `test -f 'crypto/sha1.cpp' || echo './'`crypto/sha1.cpp
mv -f crypto/.deps/libbitcoin_crypto_a-sha1.Tpo crypto/.deps/libbitcoin_crypto_a-sha1.Po
/home/devl/Zero/depends/x86_64-unknown-linux-gnu/share/../native/bin/ccache g++ -m64 -std=c++11 -DHAVE_CONFIG_H -I. -I../src/config  -U_FORTIFY_SOURCE -D_FORTIFY_SOURCE=2 -I./config -DEQUIHASH_TROMP_ATOMIC -I/home/devl/Zero/depends/x86_64-unknown-linux-gnu/share/../include/  -DHAVE_BUILD_INFO -D__STDC_FORMAT_MACROS -DPTHREAD_STACK_MIN=16384  -Wformat -Wformat-security -Wstack-protector -fstack-protector-all  -Wno-deprecated-declarations -Wno-nonnull -fPIE -pipe -O1 -g -fwrapv -fno-strict-aliasing -Wno-builtin-declaration-mismatch -MT crypto/libbitcoin_crypto_a-sha256.o -MD -MP -MF crypto/.deps/libbitcoin_crypto_a-sha256.Tpo -c -o crypto/libbitcoin_crypto_a-sha256.o `test -f 'crypto/sha256.cpp' || echo './'`crypto/sha256.cpp
mv -f crypto/.deps/libbitcoin_crypto_a-sha256.Tpo crypto/.deps/libbitcoin_crypto_a-sha256.Po
/home/devl/Zero/depends/x86_64-unknown-linux-gnu/share/../native/bin/ccache g++ -m64 -std=c++11 -DHAVE_CONFIG_H -I. -I../src/config  -U_FORTIFY_SOURCE -D_FORTIFY_SOURCE=2 -I./config -DEQUIHASH_TROMP_ATOMIC -I/home/devl/Zero/depends/x86_64-unknown-linux-gnu/share/../include/  -DHAVE_BUILD_INFO -D__STDC_FORMAT_MACROS -DPTHREAD_STACK_MIN=16384  -Wformat -Wformat-security -Wstack-protector -fstack-protector-all  -Wno-deprecated-declarations -Wno-nonnull -fPIE -pipe -O1 -g -fwrapv -fno-strict-aliasing -Wno-builtin-declaration-mismatch -MT crypto/libbitcoin_crypto_a-sha512.o -MD -MP -MF crypto/.deps/libbitcoin_crypto_a-sha512.Tpo -c -o crypto/libbitcoin_crypto_a-sha512.o `test -f 'crypto/sha512.cpp' || echo './'`crypto/sha512.cpp
mv -f crypto/.deps/libbitcoin_crypto_a-sha512.Tpo crypto/.deps/libbitcoin_crypto_a-sha512.Po
rm -f crypto/libbitcoin_crypto.a
ar cr crypto/libbitcoin_crypto.a crypto/libbitcoin_crypto_a-equihash.o crypto/libbitcoin_crypto_a-hmac_sha256.o crypto/libbitcoin_crypto_a-hmac_sha512.o crypto/libbitcoin_crypto_a-ripemd160.o crypto/libbitcoin_crypto_a-sha1.o crypto/libbitcoin_crypto_a-sha256.o crypto/libbitcoin_crypto_a-sha512.o  
ranlib crypto/libbitcoin_crypto.a
/home/devl/Zero/depends/x86_64-unknown-linux-gnu/share/../native/bin/ccache g++ -m64 -std=c++11 -DHAVE_CONFIG_H -I. -I../src/config  -U_FORTIFY_SOURCE -D_FORTIFY_SOURCE=2 -fPIC -DBINARY_OUTPUT -DCURVE_ALT_BN128 -DBOOST_SPIRIT_THREADSAFE -fvisibility=hidden -DSTATIC -I. -I./obj  -pthread -I/home/devl/Zero/depends/x86_64-unknown-linux-gnu/share/../include -I./leveldb/include -I./leveldb/helpers/memenv -I/home/devl/Zero/depends/x86_64-unknown-linux-gnu/include  -I/home/devl/Zero/depends/x86_64-unknown-linux-gnu/include  -I./secp256k1/include -I./univalue/include -DMONTGOMERY_OUTPUT -I/home/devl/Zero/depends/x86_64-unknown-linux-gnu/share/../include/  -DHAVE_BUILD_INFO -D__STDC_FORMAT_MACROS -DPTHREAD_STACK_MIN=16384  -Wformat -Wformat-security -Wstack-protector -fstack-protector-all  -Wno-deprecated-declarations -Wno-nonnull -fPIE -pipe -O1 -g -fwrapv -fno-strict-aliasing -Wno-builtin-declaration-mismatch -MT zcash/libzcash_a-IncrementalMerkleTree.o -MD -MP -MF zcash/.deps/libzcash_a-IncrementalMerkleTree.Tpo -c -o zcash/libzcash_a-IncrementalMerkleTree.o `test -f 'zcash/IncrementalMerkleTree.cpp' || echo './'`zcash/IncrementalMerkleTree.cpp
mv -f zcash/.deps/libzcash_a-IncrementalMerkleTree.Tpo zcash/.deps/libzcash_a-IncrementalMerkleTree.Po
/home/devl/Zero/depends/x86_64-unknown-linux-gnu/share/../native/bin/ccache g++ -m64 -std=c++11 -DHAVE_CONFIG_H -I. -I../src/config  -U_FORTIFY_SOURCE -D_FORTIFY_SOURCE=2 -fPIC -DBINARY_OUTPUT -DCURVE_ALT_BN128 -DBOOST_SPIRIT_THREADSAFE -fvisibility=hidden -DSTATIC -I. -I./obj  -pthread -I/home/devl/Zero/depends/x86_64-unknown-linux-gnu/share/../include -I./leveldb/include -I./leveldb/helpers/memenv -I/home/devl/Zero/depends/x86_64-unknown-linux-gnu/include  -I/home/devl/Zero/depends/x86_64-unknown-linux-gnu/include  -I./secp256k1/include -I./univalue/include -DMONTGOMERY_OUTPUT -I/home/devl/Zero/depends/x86_64-unknown-linux-gnu/share/../include/  -DHAVE_BUILD_INFO -D__STDC_FORMAT_MACROS -DPTHREAD_STACK_MIN=16384  -Wformat -Wformat-security -Wstack-protector -fstack-protector-all  -Wno-deprecated-declarations -Wno-nonnull -fPIE -pipe -O1 -g -fwrapv -fno-strict-aliasing -Wno-builtin-declaration-mismatch -MT zcash/libzcash_a-NoteEncryption.o -MD -MP -MF zcash/.deps/libzcash_a-NoteEncryption.Tpo -c -o zcash/libzcash_a-NoteEncryption.o `test -f 'zcash/NoteEncryption.cpp' || echo './'`zcash/NoteEncryption.cpp
mv -f zcash/.deps/libzcash_a-NoteEncryption.Tpo zcash/.deps/libzcash_a-NoteEncryption.Po
/home/devl/Zero/depends/x86_64-unknown-linux-gnu/share/../native/bin/ccache g++ -m64 -std=c++11 -DHAVE_CONFIG_H -I. -I../src/config  -U_FORTIFY_SOURCE -D_FORTIFY_SOURCE=2 -fPIC -DBINARY_OUTPUT -DCURVE_ALT_BN128 -DBOOST_SPIRIT_THREADSAFE -fvisibility=hidden -DSTATIC -I. -I./obj  -pthread -I/home/devl/Zero/depends/x86_64-unknown-linux-gnu/share/../include -I./leveldb/include -I./leveldb/helpers/memenv -I/home/devl/Zero/depends/x86_64-unknown-linux-gnu/include  -I/home/devl/Zero/depends/x86_64-unknown-linux-gnu/include  -I./secp256k1/include -I./univalue/include -DMONTGOMERY_OUTPUT -I/home/devl/Zero/depends/x86_64-unknown-linux-gnu/share/../include/  -DHAVE_BUILD_INFO -D__STDC_FORMAT_MACROS -DPTHREAD_STACK_MIN=16384  -Wformat -Wformat-security -Wstack-protector -fstack-protector-all  -Wno-deprecated-declarations -Wno-nonnull -fPIE -pipe -O1 -g -fwrapv -fno-strict-aliasing -Wno-builtin-declaration-mismatch -MT zcash/libzcash_a-Address.o -MD -MP -MF zcash/.deps/libzcash_a-Address.Tpo -c -o zcash/libzcash_a-Address.o `test -f 'zcash/Address.cpp' || echo './'`zcash/Address.cpp
mv -f zcash/.deps/libzcash_a-Address.Tpo zcash/.deps/libzcash_a-Address.Po
/home/devl/Zero/depends/x86_64-unknown-linux-gnu/share/../native/bin/ccache g++ -m64 -std=c++11 -DHAVE_CONFIG_H -I. -I../src/config  -U_FORTIFY_SOURCE -D_FORTIFY_SOURCE=2 -fPIC -DBINARY_OUTPUT -DCURVE_ALT_BN128 -DBOOST_SPIRIT_THREADSAFE -fvisibility=hidden -DSTATIC -I. -I./obj  -pthread -I/home/devl/Zero/depends/x86_64-unknown-linux-gnu/share/../include -I./leveldb/include -I./leveldb/helpers/memenv -I/home/devl/Zero/depends/x86_64-unknown-linux-gnu/include  -I/home/devl/Zero/depends/x86_64-unknown-linux-gnu/include  -I./secp256k1/include -I./univalue/include -DMONTGOMERY_OUTPUT -I/home/devl/Zero/depends/x86_64-unknown-linux-gnu/share/../include/  -DHAVE_BUILD_INFO -D__STDC_FORMAT_MACROS -DPTHREAD_STACK_MIN=16384  -Wformat -Wformat-security -Wstack-protector -fstack-protector-all  -Wno-deprecated-declarations -Wno-nonnull -fPIE -pipe -O1 -g -fwrapv -fno-strict-aliasing -Wno-builtin-declaration-mismatch -MT zcash/libzcash_a-JoinSplit.o -MD -MP -MF zcash/.deps/libzcash_a-JoinSplit.Tpo -c -o zcash/libzcash_a-JoinSplit.o `test -f 'zcash/JoinSplit.cpp' || echo './'`zcash/JoinSplit.cpp
mv -f zcash/.deps/libzcash_a-JoinSplit.Tpo zcash/.deps/libzcash_a-JoinSplit.Po
/home/devl/Zero/depends/x86_64-unknown-linux-gnu/share/../native/bin/ccache g++ -m64 -std=c++11 -DHAVE_CONFIG_H -I. -I../src/config  -U_FORTIFY_SOURCE -D_FORTIFY_SOURCE=2 -fPIC -DBINARY_OUTPUT -DCURVE_ALT_BN128 -DBOOST_SPIRIT_THREADSAFE -fvisibility=hidden -DSTATIC -I. -I./obj  -pthread -I/home/devl/Zero/depends/x86_64-unknown-linux-gnu/share/../include -I./leveldb/include -I./leveldb/helpers/memenv -I/home/devl/Zero/depends/x86_64-unknown-linux-gnu/include  -I/home/devl/Zero/depends/x86_64-unknown-linux-gnu/include  -I./secp256k1/include -I./univalue/include -DMONTGOMERY_OUTPUT -I/home/devl/Zero/depends/x86_64-unknown-linux-gnu/share/../include/  -DHAVE_BUILD_INFO -D__STDC_FORMAT_MACROS -DPTHREAD_STACK_MIN=16384  -Wformat -Wformat-security -Wstack-protector -fstack-protector-all  -Wno-deprecated-declarations -Wno-nonnull -fPIE -pipe -O1 -g -fwrapv -fno-strict-aliasing -Wno-builtin-declaration-mismatch -MT zcash/libzcash_a-Proof.o -MD -MP -MF zcash/.deps/libzcash_a-Proof.Tpo -c -o zcash/libzcash_a-Proof.o `test -f 'zcash/Proof.cpp' || echo './'`zcash/Proof.cpp
mv -f zcash/.deps/libzcash_a-Proof.Tpo zcash/.deps/libzcash_a-Proof.Po
/home/devl/Zero/depends/x86_64-unknown-linux-gnu/share/../native/bin/ccache g++ -m64 -std=c++11 -DHAVE_CONFIG_H -I. -I../src/config  -U_FORTIFY_SOURCE -D_FORTIFY_SOURCE=2 -fPIC -DBINARY_OUTPUT -DCURVE_ALT_BN128 -DBOOST_SPIRIT_THREADSAFE -fvisibility=hidden -DSTATIC -I. -I./obj  -pthread -I/home/devl/Zero/depends/x86_64-unknown-linux-gnu/share/../include -I./leveldb/include -I./leveldb/helpers/memenv -I/home/devl/Zero/depends/x86_64-unknown-linux-gnu/include  -I/home/devl/Zero/depends/x86_64-unknown-linux-gnu/include  -I./secp256k1/include -I./univalue/include -DMONTGOMERY_OUTPUT -I/home/devl/Zero/depends/x86_64-unknown-linux-gnu/share/../include/  -DHAVE_BUILD_INFO -D__STDC_FORMAT_MACROS -DPTHREAD_STACK_MIN=16384  -Wformat -Wformat-security -Wstack-protector -fstack-protector-all  -Wno-deprecated-declarations -Wno-nonnull -fPIE -pipe -O1 -g -fwrapv -fno-strict-aliasing -Wno-builtin-declaration-mismatch -MT zcash/libzcash_a-Note.o -MD -MP -MF zcash/.deps/libzcash_a-Note.Tpo -c -o zcash/libzcash_a-Note.o `test -f 'zcash/Note.cpp' || echo './'`zcash/Note.cpp
mv -f zcash/.deps/libzcash_a-Note.Tpo zcash/.deps/libzcash_a-Note.Po
/home/devl/Zero/depends/x86_64-unknown-linux-gnu/share/../native/bin/ccache g++ -m64 -std=c++11 -DHAVE_CONFIG_H -I. -I../src/config  -U_FORTIFY_SOURCE -D_FORTIFY_SOURCE=2 -fPIC -DBINARY_OUTPUT -DCURVE_ALT_BN128 -DBOOST_SPIRIT_THREADSAFE -fvisibility=hidden -DSTATIC -I. -I./obj  -pthread -I/home/devl/Zero/depends/x86_64-unknown-linux-gnu/share/../include -I./leveldb/include -I./leveldb/helpers/memenv -I/home/devl/Zero/depends/x86_64-unknown-linux-gnu/include  -I/home/devl/Zero/depends/x86_64-unknown-linux-gnu/include  -I./secp256k1/include -I./univalue/include -DMONTGOMERY_OUTPUT -I/home/devl/Zero/depends/x86_64-unknown-linux-gnu/share/../include/  -DHAVE_BUILD_INFO -D__STDC_FORMAT_MACROS -DPTHREAD_STACK_MIN=16384  -Wformat -Wformat-security -Wstack-protector -fstack-protector-all  -Wno-deprecated-declarations -Wno-nonnull -fPIE -pipe -O1 -g -fwrapv -fno-strict-aliasing -Wno-builtin-declaration-mismatch -MT zcash/libzcash_a-prf.o -MD -MP -MF zcash/.deps/libzcash_a-prf.Tpo -c -o zcash/libzcash_a-prf.o `test -f 'zcash/prf.cpp' || echo './'`zcash/prf.cpp
mv -f zcash/.deps/libzcash_a-prf.Tpo zcash/.deps/libzcash_a-prf.Po
/home/devl/Zero/depends/x86_64-unknown-linux-gnu/share/../native/bin/ccache g++ -m64 -std=c++11 -DHAVE_CONFIG_H -I. -I../src/config  -U_FORTIFY_SOURCE -D_FORTIFY_SOURCE=2 -fPIC -DBINARY_OUTPUT -DCURVE_ALT_BN128 -DBOOST_SPIRIT_THREADSAFE -fvisibility=hidden -DSTATIC -I. -I./obj  -pthread -I/home/devl/Zero/depends/x86_64-unknown-linux-gnu/share/../include -I./leveldb/include -I./leveldb/helpers/memenv -I/home/devl/Zero/depends/x86_64-unknown-linux-gnu/include  -I/home/devl/Zero/depends/x86_64-unknown-linux-gnu/include  -I./secp256k1/include -I./univalue/include -DMONTGOMERY_OUTPUT -I/home/devl/Zero/depends/x86_64-unknown-linux-gnu/share/../include/  -DHAVE_BUILD_INFO -D__STDC_FORMAT_MACROS -DPTHREAD_STACK_MIN=16384  -Wformat -Wformat-security -Wstack-protector -fstack-protector-all  -Wno-deprecated-declarations -Wno-nonnull -fPIE -pipe -O1 -g -fwrapv -fno-strict-aliasing -Wno-builtin-declaration-mismatch -MT zcash/address/libzcash_a-sapling.o -MD -MP -MF zcash/address/.deps/libzcash_a-sapling.Tpo -c -o zcash/address/libzcash_a-sapling.o `test -f 'zcash/address/sapling.cpp' || echo './'`zcash/address/sapling.cpp
mv -f zcash/address/.deps/libzcash_a-sapling.Tpo zcash/address/.deps/libzcash_a-sapling.Po
/home/devl/Zero/depends/x86_64-unknown-linux-gnu/share/../native/bin/ccache g++ -m64 -std=c++11 -DHAVE_CONFIG_H -I. -I../src/config  -U_FORTIFY_SOURCE -D_FORTIFY_SOURCE=2 -fPIC -DBINARY_OUTPUT -DCURVE_ALT_BN128 -DBOOST_SPIRIT_THREADSAFE -fvisibility=hidden -DSTATIC -I. -I./obj  -pthread -I/home/devl/Zero/depends/x86_64-unknown-linux-gnu/share/../include -I./leveldb/include -I./leveldb/helpers/memenv -I/home/devl/Zero/depends/x86_64-unknown-linux-gnu/include  -I/home/devl/Zero/depends/x86_64-unknown-linux-gnu/include  -I./secp256k1/include -I./univalue/include -DMONTGOMERY_OUTPUT -I/home/devl/Zero/depends/x86_64-unknown-linux-gnu/share/../include/  -DHAVE_BUILD_INFO -D__STDC_FORMAT_MACROS -DPTHREAD_STACK_MIN=16384  -Wformat -Wformat-security -Wstack-protector -fstack-protector-all  -Wno-deprecated-declarations -Wno-nonnull -fPIE -pipe -O1 -g -fwrapv -fno-strict-aliasing -Wno-builtin-declaration-mismatch -MT zcash/address/libzcash_a-sprout.o -MD -MP -MF zcash/address/.deps/libzcash_a-sprout.Tpo -c -o zcash/address/libzcash_a-sprout.o `test -f 'zcash/address/sprout.cpp' || echo './'`zcash/address/sprout.cpp
mv -f zcash/address/.deps/libzcash_a-sprout.Tpo zcash/address/.deps/libzcash_a-sprout.Po
/home/devl/Zero/depends/x86_64-unknown-linux-gnu/share/../native/bin/ccache g++ -m64 -std=c++11 -DHAVE_CONFIG_H -I. -I../src/config  -U_FORTIFY_SOURCE -D_FORTIFY_SOURCE=2 -fPIC -DBINARY_OUTPUT -DCURVE_ALT_BN128 -DBOOST_SPIRIT_THREADSAFE -fvisibility=hidden -DSTATIC -I. -I./obj  -pthread -I/home/devl/Zero/depends/x86_64-unknown-linux-gnu/share/../include -I./leveldb/include -I./leveldb/helpers/memenv -I/home/devl/Zero/depends/x86_64-unknown-linux-gnu/include  -I/home/devl/Zero/depends/x86_64-unknown-linux-gnu/include  -I./secp256k1/include -I./univalue/include -DMONTGOMERY_OUTPUT -I/home/devl/Zero/depends/x86_64-unknown-linux-gnu/share/../include/  -DHAVE_BUILD_INFO -D__STDC_FORMAT_MACROS -DPTHREAD_STACK_MIN=16384  -Wformat -Wformat-security -Wstack-protector -fstack-protector-all  -Wno-deprecated-declarations -Wno-nonnull -fPIE -pipe -O1 -g -fwrapv -fno-strict-aliasing -Wno-builtin-declaration-mismatch -MT zcash/address/libzcash_a-zip32.o -MD -MP -MF zcash/address/.deps/libzcash_a-zip32.Tpo -c -o zcash/address/libzcash_a-zip32.o `test -f 'zcash/address/zip32.cpp' || echo './'`zcash/address/zip32.cpp
mv -f zcash/address/.deps/libzcash_a-zip32.Tpo zcash/address/.deps/libzcash_a-zip32.Po
rm -f libzcash.a
ar cr libzcash.a zcash/libzcash_a-IncrementalMerkleTree.o zcash/libzcash_a-NoteEncryption.o zcash/libzcash_a-Address.o zcash/libzcash_a-JoinSplit.o zcash/libzcash_a-Proof.o zcash/libzcash_a-Note.o zcash/libzcash_a-prf.o zcash/libzcash_a-util.o zcash/address/libzcash_a-sapling.o zcash/address/libzcash_a-sprout.o zcash/address/libzcash_a-zip32.o 
ranlib libzcash.a
make  -C secp256k1 libsecp256k1.la
make[3]: Entering directory '/home/devl/Zero/src/secp256k1'
make[3]: Leaving directory '/home/devl/Zero/src/secp256k1'
/bin/bash ../libtool  --tag=CXX   --mode=link /home/devl/Zero/depends/x86_64-unknown-linux-gnu/share/../native/bin/ccache g++ -m64 -std=c++11  -Wformat -Wformat-security -Wstack-protector -fstack-protector-all  -Wno-deprecated-declarations -Wno-nonnull -fPIE -pipe -O1 -g -fwrapv -fno-strict-aliasing -Wno-builtin-declaration-mismatch  -pthread   -Wl,-z,relro -Wl,-z,now -pie  -L/home/devl/Zero/depends/x86_64-unknown-linux-gnu/share/../lib  -o zerod zerod-bitcoind.o  libbitcoin_server.a libbitcoin_server.a libbitcoin_wallet.a libbitcoin_common.a univalue/libunivalue.la libbitcoin_util.a libbitcoin_zmq.a  crypto/libbitcoin_crypto.a libzcash.a ./leveldb/libleveldb.a ./leveldb/libmemenv.a secp256k1/libsecp256k1.la -L/home/devl/Zero/depends/x86_64-unknown-linux-gnu/share/../lib -lboost_system -lboost_filesystem -lboost_program_options -lboost_thread -lboost_chrono -ldb_cxx-6.2 -L/home/devl/Zero/depends/x86_64-unknown-linux-gnu/lib -lssl -L/home/devl/Zero/depends/x86_64-unknown-linux-gnu/lib -lcrypto -ldl -pthread  -L/home/devl/Zero/depends/x86_64-unknown-linux-gnu/lib -lcrypto -ldl -pthread  -L/home/devl/Zero/depends/x86_64-unknown-linux-gnu/lib -levent_pthreads -levent  -L/home/devl/Zero/depends/x86_64-unknown-linux-gnu/lib -levent  -L/home/devl/Zero/depends/x86_64-unknown-linux-gnu/lib -lzmq -lstdc++ -lpthread -lrt   crypto/libbitcoin_crypto.a -lboost_system -lcrypto -lsodium -lrustzcash -ldl 
libtool: link: /home/devl/Zero/depends/x86_64-unknown-linux-gnu/share/../native/bin/ccache g++ -m64 -std=c++11 -Wformat -Wformat-security -Wstack-protector -fstack-protector-all -Wno-deprecated-declarations -Wno-nonnull -fPIE -pipe -O1 -g -fwrapv -fno-strict-aliasing -Wno-builtin-declaration-mismatch -Wl,-z -Wl,relro -Wl,-z -Wl,now -pie -o zerod zerod-bitcoind.o  -L/home/devl/Zero/depends/x86_64-unknown-linux-gnu/share/../lib libbitcoin_server.a libbitcoin_wallet.a libbitcoin_common.a univalue/.libs/libunivalue.a libbitcoin_util.a libbitcoin_zmq.a libzcash.a ./leveldb/libleveldb.a ./leveldb/libmemenv.a secp256k1/.libs/libsecp256k1.a -lboost_filesystem -lboost_program_options -lboost_thread -lboost_chrono -ldb_cxx-6.2 -L/home/devl/Zero/depends/x86_64-unknown-linux-gnu/lib -lssl /home/devl/Zero/depends/x86_64-unknown-linux-gnu/lib/libevent_pthreads.a /home/devl/Zero/depends/x86_64-unknown-linux-gnu/lib/libevent.a /home/devl/Zero/depends/x86_64-unknown-linux-gnu/lib/libzmq.a -lstdc++ -lpthread -lrt crypto/libbitcoin_crypto.a -lboost_system -lcrypto /home/devl/Zero/depends/x86_64-unknown-linux-gnu/lib/libsodium.a -lrustzcash -ldl -pthread
/home/devl/Zero/depends/x86_64-unknown-linux-gnu/share/../native/bin/ccache g++ -m64 -std=c++11 -DHAVE_CONFIG_H -I. -I../src/config  -U_FORTIFY_SOURCE -D_FORTIFY_SOURCE=2 -I. -I./obj  -pthread -I/home/devl/Zero/depends/x86_64-unknown-linux-gnu/share/../include -I./leveldb/include -I./leveldb/helpers/memenv -I/home/devl/Zero/depends/x86_64-unknown-linux-gnu/include  -I/home/devl/Zero/depends/x86_64-unknown-linux-gnu/include  -I./secp256k1/include -I./univalue/include -I/home/devl/Zero/depends/x86_64-unknown-linux-gnu/include  -I/home/devl/Zero/depends/x86_64-unknown-linux-gnu/share/../include/  -DHAVE_BUILD_INFO -D__STDC_FORMAT_MACROS -DPTHREAD_STACK_MIN=16384  -Wformat -Wformat-security -Wstack-protector -fstack-protector-all  -Wno-deprecated-declarations -Wno-nonnull -fPIE -pipe -O1 -g -fwrapv -fno-strict-aliasing -Wno-builtin-declaration-mismatch -MT zero_cli-bitcoin-cli.o -MD -MP -MF .deps/zero_cli-bitcoin-cli.Tpo -c -o zero_cli-bitcoin-cli.o `test -f 'bitcoin-cli.cpp' || echo './'`bitcoin-cli.cpp
mv -f .deps/zero_cli-bitcoin-cli.Tpo .deps/zero_cli-bitcoin-cli.Po
/home/devl/Zero/depends/x86_64-unknown-linux-gnu/share/../native/bin/ccache g++ -m64 -std=c++11 -DHAVE_CONFIG_H -I. -I../src/config  -U_FORTIFY_SOURCE -D_FORTIFY_SOURCE=2 -I. -I./obj  -pthread -I/home/devl/Zero/depends/x86_64-unknown-linux-gnu/share/../include -I./leveldb/include -I./leveldb/helpers/memenv -I/home/devl/Zero/depends/x86_64-unknown-linux-gnu/include  -I/home/devl/Zero/depends/x86_64-unknown-linux-gnu/include  -I./secp256k1/include -I./univalue/include -I/home/devl/Zero/depends/x86_64-unknown-linux-gnu/share/../include/  -DHAVE_BUILD_INFO -D__STDC_FORMAT_MACROS -DPTHREAD_STACK_MIN=16384  -Wformat -Wformat-security -Wstack-protector -fstack-protector-all  -Wno-deprecated-declarations -Wno-nonnull -fPIE -pipe -O1 -g -fwrapv -fno-strict-aliasing -Wno-builtin-declaration-mismatch -MT rpc/libbitcoin_cli_a-client.o -MD -MP -MF rpc/.deps/libbitcoin_cli_a-client.Tpo -c -o rpc/libbitcoin_cli_a-client.o `test -f 'rpc/client.cpp' || echo './'`rpc/client.cpp
mv -f rpc/.deps/libbitcoin_cli_a-client.Tpo rpc/.deps/libbitcoin_cli_a-client.Po
rm -f libbitcoin_cli.a
ar cr libbitcoin_cli.a rpc/libbitcoin_cli_a-client.o   
ranlib libbitcoin_cli.a
/bin/bash ../libtool  --tag=CXX   --mode=link /home/devl/Zero/depends/x86_64-unknown-linux-gnu/share/../native/bin/ccache g++ -m64 -std=c++11  -Wformat -Wformat-security -Wstack-protector -fstack-protector-all  -Wno-deprecated-declarations -Wno-nonnull -fPIE -pipe -O1 -g -fwrapv -fno-strict-aliasing -Wno-builtin-declaration-mismatch  -pthread   -Wl,-z,relro -Wl,-z,now -pie  -L/home/devl/Zero/depends/x86_64-unknown-linux-gnu/share/../lib  -o zero-cli zero_cli-bitcoin-cli.o  libbitcoin_cli.a univalue/libunivalue.la libbitcoin_util.a -L/home/devl/Zero/depends/x86_64-unknown-linux-gnu/share/../lib -lboost_system -lboost_filesystem -lboost_program_options -lboost_thread -lboost_chrono -L/home/devl/Zero/depends/x86_64-unknown-linux-gnu/lib -lssl -L/home/devl/Zero/depends/x86_64-unknown-linux-gnu/lib -lcrypto -ldl -pthread  -L/home/devl/Zero/depends/x86_64-unknown-linux-gnu/lib -lcrypto -ldl -pthread  -L/home/devl/Zero/depends/x86_64-unknown-linux-gnu/lib -levent  libzcash.a crypto/libbitcoin_crypto.a -lboost_system -lcrypto -lsodium -lrustzcash -ldl 
libtool: link: /home/devl/Zero/depends/x86_64-unknown-linux-gnu/share/../native/bin/ccache g++ -m64 -std=c++11 -Wformat -Wformat-security -Wstack-protector -fstack-protector-all -Wno-deprecated-declarations -Wno-nonnull -fPIE -pipe -O1 -g -fwrapv -fno-strict-aliasing -Wno-builtin-declaration-mismatch -Wl,-z -Wl,relro -Wl,-z -Wl,now -pie -o zero-cli zero_cli-bitcoin-cli.o  -L/home/devl/Zero/depends/x86_64-unknown-linux-gnu/share/../lib libbitcoin_cli.a univalue/.libs/libunivalue.a libbitcoin_util.a -lboost_filesystem -lboost_program_options -lboost_thread -lboost_chrono -L/home/devl/Zero/depends/x86_64-unknown-linux-gnu/lib -lssl /home/devl/Zero/depends/x86_64-unknown-linux-gnu/lib/libevent.a libzcash.a crypto/libbitcoin_crypto.a -lboost_system -lcrypto /home/devl/Zero/depends/x86_64-unknown-linux-gnu/lib/libsodium.a -lrustzcash -ldl -pthread
/home/devl/Zero/depends/x86_64-unknown-linux-gnu/share/../native/bin/ccache g++ -m64 -std=c++11 -DHAVE_CONFIG_H -I. -I../src/config  -U_FORTIFY_SOURCE -D_FORTIFY_SOURCE=2 -I. -I./obj  -pthread -I/home/devl/Zero/depends/x86_64-unknown-linux-gnu/share/../include -I./leveldb/include -I./leveldb/helpers/memenv -I/home/devl/Zero/depends/x86_64-unknown-linux-gnu/include  -I/home/devl/Zero/depends/x86_64-unknown-linux-gnu/include  -I./secp256k1/include -I./univalue/include -I/home/devl/Zero/depends/x86_64-unknown-linux-gnu/share/../include/  -DHAVE_BUILD_INFO -D__STDC_FORMAT_MACROS -DPTHREAD_STACK_MIN=16384  -Wformat -Wformat-security -Wstack-protector -fstack-protector-all  -Wno-deprecated-declarations -Wno-nonnull -fPIE -pipe -O1 -g -fwrapv -fno-strict-aliasing -Wno-builtin-declaration-mismatch -MT zero_tx-bitcoin-tx.o -MD -MP -MF .deps/zero_tx-bitcoin-tx.Tpo -c -o zero_tx-bitcoin-tx.o `test -f 'bitcoin-tx.cpp' || echo './'`bitcoin-tx.cpp
mv -f .deps/zero_tx-bitcoin-tx.Tpo .deps/zero_tx-bitcoin-tx.Po
/bin/bash ../libtool  --tag=CXX   --mode=link /home/devl/Zero/depends/x86_64-unknown-linux-gnu/share/../native/bin/ccache g++ -m64 -std=c++11  -Wformat -Wformat-security -Wstack-protector -fstack-protector-all  -Wno-deprecated-declarations -Wno-nonnull -fPIE -pipe -O1 -g -fwrapv -fno-strict-aliasing -Wno-builtin-declaration-mismatch  -pthread   -Wl,-z,relro -Wl,-z,now -pie  -L/home/devl/Zero/depends/x86_64-unknown-linux-gnu/share/../lib  -o zero-tx zero_tx-bitcoin-tx.o  univalue/libunivalue.la libbitcoin_common.a libbitcoin_util.a secp256k1/libsecp256k1.la libzcash.a crypto/libbitcoin_crypto.a -lboost_system -lcrypto -lsodium -lrustzcash -ldl -L/home/devl/Zero/depends/x86_64-unknown-linux-gnu/share/../lib -lboost_system -lboost_filesystem -lboost_program_options -lboost_thread -lboost_chrono -L/home/devl/Zero/depends/x86_64-unknown-linux-gnu/lib -lcrypto -ldl -pthread  
libtool: link: /home/devl/Zero/depends/x86_64-unknown-linux-gnu/share/../native/bin/ccache g++ -m64 -std=c++11 -Wformat -Wformat-security -Wstack-protector -fstack-protector-all -Wno-deprecated-declarations -Wno-nonnull -fPIE -pipe -O1 -g -fwrapv -fno-strict-aliasing -Wno-builtin-declaration-mismatch -Wl,-z -Wl,relro -Wl,-z -Wl,now -pie -o zero-tx zero_tx-bitcoin-tx.o  -L/home/devl/Zero/depends/x86_64-unknown-linux-gnu/share/../lib univalue/.libs/libunivalue.a libbitcoin_common.a libbitcoin_util.a secp256k1/.libs/libsecp256k1.a libzcash.a crypto/libbitcoin_crypto.a /home/devl/Zero/depends/x86_64-unknown-linux-gnu/lib/libsodium.a -L/home/devl/Zero/depends/x86_64-unknown-linux-gnu/lib -lrustzcash -lboost_system -lboost_filesystem -lboost_program_options -lboost_thread -lboost_chrono -lcrypto -ldl -pthread
Generated test/data/script_valid.json.h
Generated test/data/base58_keys_valid.json.h
Generated test/data/base58_encode_decode.json.h
Generated test/data/base58_keys_invalid.json.h
Generated test/data/script_invalid.json.h
Generated test/data/tx_invalid.json.h
Generated test/data/tx_valid.json.h
Generated test/data/sighash.json.h
Generated test/data/merkle_roots.json.h
Generated test/data/merkle_serialization.json.h
Generated test/data/merkle_witness_serialization.json.h
Generated test/data/merkle_path.json.h
Generated test/data/merkle_commitments.json.h
Generated test/data/merkle_roots_sapling.json.h
Generated test/data/merkle_serialization_sapling.json.h
Generated test/data/merkle_witness_serialization_sapling.json.h
Generated test/data/merkle_path_sapling.json.h
Generated test/data/merkle_commitments_sapling.json.h
Generated test/data/sapling_key_components.json.h
Generated test/data/alertTests.raw.h
/home/devl/Zero/depends/x86_64-unknown-linux-gnu/share/../native/bin/ccache g++ -m64 -std=c++11 -DHAVE_CONFIG_H -I. -I../src/config  -U_FORTIFY_SOURCE -D_FORTIFY_SOURCE=2 -I. -I./obj  -pthread -I/home/devl/Zero/depends/x86_64-unknown-linux-gnu/share/../include -I./leveldb/include -I./leveldb/helpers/memenv -I/home/devl/Zero/depends/x86_64-unknown-linux-gnu/include  -I/home/devl/Zero/depends/x86_64-unknown-linux-gnu/include  -I./secp256k1/include -I./univalue/include -I./test/  -I/home/devl/Zero/depends/x86_64-unknown-linux-gnu/include  -I/home/devl/Zero/depends/x86_64-unknown-linux-gnu/share/../include/  -DHAVE_BUILD_INFO -D__STDC_FORMAT_MACROS -DPTHREAD_STACK_MIN=16384  -Wformat -Wformat-security -Wstack-protector -fstack-protector-all  -Wno-deprecated-declarations -Wno-nonnull -fPIE -pipe -O1 -g -fwrapv -fno-strict-aliasing -Wno-builtin-declaration-mismatch -MT test/test_bitcoin-arith_uint256_tests.o -MD -MP -MF test/.deps/test_bitcoin-arith_uint256_tests.Tpo -c -o test/test_bitcoin-arith_uint256_tests.o `test -f 'test/arith_uint256_tests.cpp' || echo './'`test/arith_uint256_tests.cpp
mv -f test/.deps/test_bitcoin-arith_uint256_tests.Tpo test/.deps/test_bitcoin-arith_uint256_tests.Po
/home/devl/Zero/depends/x86_64-unknown-linux-gnu/share/../native/bin/ccache g++ -m64 -std=c++11 -DHAVE_CONFIG_H -I. -I../src/config  -U_FORTIFY_SOURCE -D_FORTIFY_SOURCE=2 -I. -I./obj  -pthread -I/home/devl/Zero/depends/x86_64-unknown-linux-gnu/share/../include -I./leveldb/include -I./leveldb/helpers/memenv -I/home/devl/Zero/depends/x86_64-unknown-linux-gnu/include  -I/home/devl/Zero/depends/x86_64-unknown-linux-gnu/include  -I./secp256k1/include -I./univalue/include -I./test/  -I/home/devl/Zero/depends/x86_64-unknown-linux-gnu/include  -I/home/devl/Zero/depends/x86_64-unknown-linux-gnu/share/../include/  -DHAVE_BUILD_INFO -D__STDC_FORMAT_MACROS -DPTHREAD_STACK_MIN=16384  -Wformat -Wformat-security -Wstack-protector -fstack-protector-all  -Wno-deprecated-declarations -Wno-nonnull -fPIE -pipe -O1 -g -fwrapv -fno-strict-aliasing -Wno-builtin-declaration-mismatch -MT test/test_bitcoin-addrman_tests.o -MD -MP -MF test/.deps/test_bitcoin-addrman_tests.Tpo -c -o test/test_bitcoin-addrman_tests.o `test -f 'test/addrman_tests.cpp' || echo './'`test/addrman_tests.cpp
mv -f test/.deps/test_bitcoin-addrman_tests.Tpo test/.deps/test_bitcoin-addrman_tests.Po
/home/devl/Zero/depends/x86_64-unknown-linux-gnu/share/../native/bin/ccache g++ -m64 -std=c++11 -DHAVE_CONFIG_H -I. -I../src/config  -U_FORTIFY_SOURCE -D_FORTIFY_SOURCE=2 -I. -I./obj  -pthread -I/home/devl/Zero/depends/x86_64-unknown-linux-gnu/share/../include -I./leveldb/include -I./leveldb/helpers/memenv -I/home/devl/Zero/depends/x86_64-unknown-linux-gnu/include  -I/home/devl/Zero/depends/x86_64-unknown-linux-gnu/include  -I./secp256k1/include -I./univalue/include -I./test/  -I/home/devl/Zero/depends/x86_64-unknown-linux-gnu/include  -I/home/devl/Zero/depends/x86_64-unknown-linux-gnu/share/../include/  -DHAVE_BUILD_INFO -D__STDC_FORMAT_MACROS -DPTHREAD_STACK_MIN=16384  -Wformat -Wformat-security -Wstack-protector -fstack-protector-all  -Wno-deprecated-declarations -Wno-nonnull -fPIE -pipe -O1 -g -fwrapv -fno-strict-aliasing -Wno-builtin-declaration-mismatch -MT test/test_bitcoin-alert_tests.o -MD -MP -MF test/.deps/test_bitcoin-alert_tests.Tpo -c -o test/test_bitcoin-alert_tests.o `test -f 'test/alert_tests.cpp' || echo './'`test/alert_tests.cpp
mv -f test/.deps/test_bitcoin-alert_tests.Tpo test/.deps/test_bitcoin-alert_tests.Po
/home/devl/Zero/depends/x86_64-unknown-linux-gnu/share/../native/bin/ccache g++ -m64 -std=c++11 -DHAVE_CONFIG_H -I. -I../src/config  -U_FORTIFY_SOURCE -D_FORTIFY_SOURCE=2 -I. -I./obj  -pthread -I/home/devl/Zero/depends/x86_64-unknown-linux-gnu/share/../include -I./leveldb/include -I./leveldb/helpers/memenv -I/home/devl/Zero/depends/x86_64-unknown-linux-gnu/include  -I/home/devl/Zero/depends/x86_64-unknown-linux-gnu/include  -I./secp256k1/include -I./univalue/include -I./test/  -I/home/devl/Zero/depends/x86_64-unknown-linux-gnu/include  -I/home/devl/Zero/depends/x86_64-unknown-linux-gnu/share/../include/  -DHAVE_BUILD_INFO -D__STDC_FORMAT_MACROS -DPTHREAD_STACK_MIN=16384  -Wformat -Wformat-security -Wstack-protector -fstack-protector-all  -Wno-deprecated-declarations -Wno-nonnull -fPIE -pipe -O1 -g -fwrapv -fno-strict-aliasing -Wno-builtin-declaration-mismatch -MT test/test_bitcoin-allocator_tests.o -MD -MP -MF test/.deps/test_bitcoin-allocator_tests.Tpo -c -o test/test_bitcoin-allocator_tests.o `test -f 'test/allocator_tests.cpp' || echo './'`test/allocator_tests.cpp
mv -f test/.deps/test_bitcoin-allocator_tests.Tpo test/.deps/test_bitcoin-allocator_tests.Po
/home/devl/Zero/depends/x86_64-unknown-linux-gnu/share/../native/bin/ccache g++ -m64 -std=c++11 -DHAVE_CONFIG_H -I. -I../src/config  -U_FORTIFY_SOURCE -D_FORTIFY_SOURCE=2 -I. -I./obj  -pthread -I/home/devl/Zero/depends/x86_64-unknown-linux-gnu/share/../include -I./leveldb/include -I./leveldb/helpers/memenv -I/home/devl/Zero/depends/x86_64-unknown-linux-gnu/include  -I/home/devl/Zero/depends/x86_64-unknown-linux-gnu/include  -I./secp256k1/include -I./univalue/include -I./test/  -I/home/devl/Zero/depends/x86_64-unknown-linux-gnu/include  -I/home/devl/Zero/depends/x86_64-unknown-linux-gnu/share/../include/  -DHAVE_BUILD_INFO -D__STDC_FORMAT_MACROS -DPTHREAD_STACK_MIN=16384  -Wformat -Wformat-security -Wstack-protector -fstack-protector-all  -Wno-deprecated-declarations -Wno-nonnull -fPIE -pipe -O1 -g -fwrapv -fno-strict-aliasing -Wno-builtin-declaration-mismatch -MT test/test_bitcoin-base32_tests.o -MD -MP -MF test/.deps/test_bitcoin-base32_tests.Tpo -c -o test/test_bitcoin-base32_tests.o `test -f 'test/base32_tests.cpp' || echo './'`test/base32_tests.cpp
mv -f test/.deps/test_bitcoin-base32_tests.Tpo test/.deps/test_bitcoin-base32_tests.Po
/home/devl/Zero/depends/x86_64-unknown-linux-gnu/share/../native/bin/ccache g++ -m64 -std=c++11 -DHAVE_CONFIG_H -I. -I../src/config  -U_FORTIFY_SOURCE -D_FORTIFY_SOURCE=2 -I. -I./obj  -pthread -I/home/devl/Zero/depends/x86_64-unknown-linux-gnu/share/../include -I./leveldb/include -I./leveldb/helpers/memenv -I/home/devl/Zero/depends/x86_64-unknown-linux-gnu/include  -I/home/devl/Zero/depends/x86_64-unknown-linux-gnu/include  -I./secp256k1/include -I./univalue/include -I./test/  -I/home/devl/Zero/depends/x86_64-unknown-linux-gnu/include  -I/home/devl/Zero/depends/x86_64-unknown-linux-gnu/share/../include/  -DHAVE_BUILD_INFO -D__STDC_FORMAT_MACROS -DPTHREAD_STACK_MIN=16384  -Wformat -Wformat-security -Wstack-protector -fstack-protector-all  -Wno-deprecated-declarations -Wno-nonnull -fPIE -pipe -O1 -g -fwrapv -fno-strict-aliasing -Wno-builtin-declaration-mismatch -MT test/test_bitcoin-base64_tests.o -MD -MP -MF test/.deps/test_bitcoin-base64_tests.Tpo -c -o test/test_bitcoin-base64_tests.o `test -f 'test/base64_tests.cpp' || echo './'`test/base64_tests.cpp
mv -f test/.deps/test_bitcoin-base64_tests.Tpo test/.deps/test_bitcoin-base64_tests.Po
/home/devl/Zero/depends/x86_64-unknown-linux-gnu/share/../native/bin/ccache g++ -m64 -std=c++11 -DHAVE_CONFIG_H -I. -I../src/config  -U_FORTIFY_SOURCE -D_FORTIFY_SOURCE=2 -I. -I./obj  -pthread -I/home/devl/Zero/depends/x86_64-unknown-linux-gnu/share/../include -I./leveldb/include -I./leveldb/helpers/memenv -I/home/devl/Zero/depends/x86_64-unknown-linux-gnu/include  -I/home/devl/Zero/depends/x86_64-unknown-linux-gnu/include  -I./secp256k1/include -I./univalue/include -I./test/  -I/home/devl/Zero/depends/x86_64-unknown-linux-gnu/include  -I/home/devl/Zero/depends/x86_64-unknown-linux-gnu/share/../include/  -DHAVE_BUILD_INFO -D__STDC_FORMAT_MACROS -DPTHREAD_STACK_MIN=16384  -Wformat -Wformat-security -Wstack-protector -fstack-protector-all  -Wno-deprecated-declarations -Wno-nonnull -fPIE -pipe -O1 -g -fwrapv -fno-strict-aliasing -Wno-builtin-declaration-mismatch -MT test/test_bitcoin-bech32_tests.o -MD -MP -MF test/.deps/test_bitcoin-bech32_tests.Tpo -c -o test/test_bitcoin-bech32_tests.o `test -f 'test/bech32_tests.cpp' || echo './'`test/bech32_tests.cpp
mv -f test/.deps/test_bitcoin-bech32_tests.Tpo test/.deps/test_bitcoin-bech32_tests.Po
/home/devl/Zero/depends/x86_64-unknown-linux-gnu/share/../native/bin/ccache g++ -m64 -std=c++11 -DHAVE_CONFIG_H -I. -I../src/config  -U_FORTIFY_SOURCE -D_FORTIFY_SOURCE=2 -I. -I./obj  -pthread -I/home/devl/Zero/depends/x86_64-unknown-linux-gnu/share/../include -I./leveldb/include -I./leveldb/helpers/memenv -I/home/devl/Zero/depends/x86_64-unknown-linux-gnu/include  -I/home/devl/Zero/depends/x86_64-unknown-linux-gnu/include  -I./secp256k1/include -I./univalue/include -I./test/  -I/home/devl/Zero/depends/x86_64-unknown-linux-gnu/include  -I/home/devl/Zero/depends/x86_64-unknown-linux-gnu/share/../include/  -DHAVE_BUILD_INFO -D__STDC_FORMAT_MACROS -DPTHREAD_STACK_MIN=16384  -Wformat -Wformat-security -Wstack-protector -fstack-protector-all  -Wno-deprecated-declarations -Wno-nonnull -fPIE -pipe -O1 -g -fwrapv -fno-strict-aliasing -Wno-builtin-declaration-mismatch -MT test/test_bitcoin-bip32_tests.o -MD -MP -MF test/.deps/test_bitcoin-bip32_tests.Tpo -c -o test/test_bitcoin-bip32_tests.o `test -f 'test/bip32_tests.cpp' || echo './'`test/bip32_tests.cpp
mv -f test/.deps/test_bitcoin-bip32_tests.Tpo test/.deps/test_bitcoin-bip32_tests.Po
/home/devl/Zero/depends/x86_64-unknown-linux-gnu/share/../native/bin/ccache g++ -m64 -std=c++11 -DHAVE_CONFIG_H -I. -I../src/config  -U_FORTIFY_SOURCE -D_FORTIFY_SOURCE=2 -I. -I./obj  -pthread -I/home/devl/Zero/depends/x86_64-unknown-linux-gnu/share/../include -I./leveldb/include -I./leveldb/helpers/memenv -I/home/devl/Zero/depends/x86_64-unknown-linux-gnu/include  -I/home/devl/Zero/depends/x86_64-unknown-linux-gnu/include  -I./secp256k1/include -I./univalue/include -I./test/  -I/home/devl/Zero/depends/x86_64-unknown-linux-gnu/include  -I/home/devl/Zero/depends/x86_64-unknown-linux-gnu/share/../include/  -DHAVE_BUILD_INFO -D__STDC_FORMAT_MACROS -DPTHREAD_STACK_MIN=16384  -Wformat -Wformat-security -Wstack-protector -fstack-protector-all  -Wno-deprecated-declarations -Wno-nonnull -fPIE -pipe -O1 -g -fwrapv -fno-strict-aliasing -Wno-builtin-declaration-mismatch -MT test/test_bitcoin-bloom_tests.o -MD -MP -MF test/.deps/test_bitcoin-bloom_tests.Tpo -c -o test/test_bitcoin-bloom_tests.o `test -f 'test/bloom_tests.cpp' || echo './'`test/bloom_tests.cpp
mv -f test/.deps/test_bitcoin-bloom_tests.Tpo test/.deps/test_bitcoin-bloom_tests.Po
/home/devl/Zero/depends/x86_64-unknown-linux-gnu/share/../native/bin/ccache g++ -m64 -std=c++11 -DHAVE_CONFIG_H -I. -I../src/config  -U_FORTIFY_SOURCE -D_FORTIFY_SOURCE=2 -I. -I./obj  -pthread -I/home/devl/Zero/depends/x86_64-unknown-linux-gnu/share/../include -I./leveldb/include -I./leveldb/helpers/memenv -I/home/devl/Zero/depends/x86_64-unknown-linux-gnu/include  -I/home/devl/Zero/depends/x86_64-unknown-linux-gnu/include  -I./secp256k1/include -I./univalue/include -I./test/  -I/home/devl/Zero/depends/x86_64-unknown-linux-gnu/include  -I/home/devl/Zero/depends/x86_64-unknown-linux-gnu/share/../include/  -DHAVE_BUILD_INFO -D__STDC_FORMAT_MACROS -DPTHREAD_STACK_MIN=16384  -Wformat -Wformat-security -Wstack-protector -fstack-protector-all  -Wno-deprecated-declarations -Wno-nonnull -fPIE -pipe -O1 -g -fwrapv -fno-strict-aliasing -Wno-builtin-declaration-mismatch -MT test/test_bitcoin-checkblock_tests.o -MD -MP -MF test/.deps/test_bitcoin-checkblock_tests.Tpo -c -o test/test_bitcoin-checkblock_tests.o `test -f 'test/checkblock_tests.cpp' || echo './'`test/checkblock_tests.cpp
mv -f test/.deps/test_bitcoin-checkblock_tests.Tpo test/.deps/test_bitcoin-checkblock_tests.Po
/home/devl/Zero/depends/x86_64-unknown-linux-gnu/share/../native/bin/ccache g++ -m64 -std=c++11 -DHAVE_CONFIG_H -I. -I../src/config  -U_FORTIFY_SOURCE -D_FORTIFY_SOURCE=2 -I. -I./obj  -pthread -I/home/devl/Zero/depends/x86_64-unknown-linux-gnu/share/../include -I./leveldb/include -I./leveldb/helpers/memenv -I/home/devl/Zero/depends/x86_64-unknown-linux-gnu/include  -I/home/devl/Zero/depends/x86_64-unknown-linux-gnu/include  -I./secp256k1/include -I./univalue/include -I./test/  -I/home/devl/Zero/depends/x86_64-unknown-linux-gnu/include  -I/home/devl/Zero/depends/x86_64-unknown-linux-gnu/share/../include/  -DHAVE_BUILD_INFO -D__STDC_FORMAT_MACROS -DPTHREAD_STACK_MIN=16384  -Wformat -Wformat-security -Wstack-protector -fstack-protector-all  -Wno-deprecated-declarations -Wno-nonnull -fPIE -pipe -O1 -g -fwrapv -fno-strict-aliasing -Wno-builtin-declaration-mismatch -MT test/test_bitcoin-Checkpoints_tests.o -MD -MP -MF test/.deps/test_bitcoin-Checkpoints_tests.Tpo -c -o test/test_bitcoin-Checkpoints_tests.o `test -f 'test/Checkpoints_tests.cpp' || echo './'`test/Checkpoints_tests.cpp
mv -f test/.deps/test_bitcoin-Checkpoints_tests.Tpo test/.deps/test_bitcoin-Checkpoints_tests.Po
/home/devl/Zero/depends/x86_64-unknown-linux-gnu/share/../native/bin/ccache g++ -m64 -std=c++11 -DHAVE_CONFIG_H -I. -I../src/config  -U_FORTIFY_SOURCE -D_FORTIFY_SOURCE=2 -I. -I./obj  -pthread -I/home/devl/Zero/depends/x86_64-unknown-linux-gnu/share/../include -I./leveldb/include -I./leveldb/helpers/memenv -I/home/devl/Zero/depends/x86_64-unknown-linux-gnu/include  -I/home/devl/Zero/depends/x86_64-unknown-linux-gnu/include  -I./secp256k1/include -I./univalue/include -I./test/  -I/home/devl/Zero/depends/x86_64-unknown-linux-gnu/include  -I/home/devl/Zero/depends/x86_64-unknown-linux-gnu/share/../include/  -DHAVE_BUILD_INFO -D__STDC_FORMAT_MACROS -DPTHREAD_STACK_MIN=16384  -Wformat -Wformat-security -Wstack-protector -fstack-protector-all  -Wno-deprecated-declarations -Wno-nonnull -fPIE -pipe -O1 -g -fwrapv -fno-strict-aliasing -Wno-builtin-declaration-mismatch -MT test/test_bitcoin-coins_tests.o -MD -MP -MF test/.deps/test_bitcoin-coins_tests.Tpo -c -o test/test_bitcoin-coins_tests.o `test -f 'test/coins_tests.cpp' || echo './'`test/coins_tests.cpp
mv -f test/.deps/test_bitcoin-coins_tests.Tpo test/.deps/test_bitcoin-coins_tests.Po
/home/devl/Zero/depends/x86_64-unknown-linux-gnu/share/../native/bin/ccache g++ -m64 -std=c++11 -DHAVE_CONFIG_H -I. -I../src/config  -U_FORTIFY_SOURCE -D_FORTIFY_SOURCE=2 -I. -I./obj  -pthread -I/home/devl/Zero/depends/x86_64-unknown-linux-gnu/share/../include -I./leveldb/include -I./leveldb/helpers/memenv -I/home/devl/Zero/depends/x86_64-unknown-linux-gnu/include  -I/home/devl/Zero/depends/x86_64-unknown-linux-gnu/include  -I./secp256k1/include -I./univalue/include -I./test/  -I/home/devl/Zero/depends/x86_64-unknown-linux-gnu/include  -I/home/devl/Zero/depends/x86_64-unknown-linux-gnu/share/../include/  -DHAVE_BUILD_INFO -D__STDC_FORMAT_MACROS -DPTHREAD_STACK_MIN=16384  -Wformat -Wformat-security -Wstack-protector -fstack-protector-all  -Wno-deprecated-declarations -Wno-nonnull -fPIE -pipe -O1 -g -fwrapv -fno-strict-aliasing -Wno-builtin-declaration-mismatch -MT test/test_bitcoin-compress_tests.o -MD -MP -MF test/.deps/test_bitcoin-compress_tests.Tpo -c -o test/test_bitcoin-compress_tests.o `test -f 'test/compress_tests.cpp' || echo './'`test/compress_tests.cpp
mv -f test/.deps/test_bitcoin-compress_tests.Tpo test/.deps/test_bitcoin-compress_tests.Po
/home/devl/Zero/depends/x86_64-unknown-linux-gnu/share/../native/bin/ccache g++ -m64 -std=c++11 -DHAVE_CONFIG_H -I. -I../src/config  -U_FORTIFY_SOURCE -D_FORTIFY_SOURCE=2 -I. -I./obj  -pthread -I/home/devl/Zero/depends/x86_64-unknown-linux-gnu/share/../include -I./leveldb/include -I./leveldb/helpers/memenv -I/home/devl/Zero/depends/x86_64-unknown-linux-gnu/include  -I/home/devl/Zero/depends/x86_64-unknown-linux-gnu/include  -I./secp256k1/include -I./univalue/include -I./test/  -I/home/devl/Zero/depends/x86_64-unknown-linux-gnu/include  -I/home/devl/Zero/depends/x86_64-unknown-linux-gnu/share/../include/  -DHAVE_BUILD_INFO -D__STDC_FORMAT_MACROS -DPTHREAD_STACK_MIN=16384  -Wformat -Wformat-security -Wstack-protector -fstack-protector-all  -Wno-deprecated-declarations -Wno-nonnull -fPIE -pipe -O1 -g -fwrapv -fno-strict-aliasing -Wno-builtin-declaration-mismatch -MT test/test_bitcoin-convertbits_tests.o -MD -MP -MF test/.deps/test_bitcoin-convertbits_tests.Tpo -c -o test/test_bitcoin-convertbits_tests.o `test -f 'test/convertbits_tests.cpp' || echo './'`test/convertbits_tests.cpp
mv -f test/.deps/test_bitcoin-convertbits_tests.Tpo test/.deps/test_bitcoin-convertbits_tests.Po
/home/devl/Zero/depends/x86_64-unknown-linux-gnu/share/../native/bin/ccache g++ -m64 -std=c++11 -DHAVE_CONFIG_H -I. -I../src/config  -U_FORTIFY_SOURCE -D_FORTIFY_SOURCE=2 -I. -I./obj  -pthread -I/home/devl/Zero/depends/x86_64-unknown-linux-gnu/share/../include -I./leveldb/include -I./leveldb/helpers/memenv -I/home/devl/Zero/depends/x86_64-unknown-linux-gnu/include  -I/home/devl/Zero/depends/x86_64-unknown-linux-gnu/include  -I./secp256k1/include -I./univalue/include -I./test/  -I/home/devl/Zero/depends/x86_64-unknown-linux-gnu/include  -I/home/devl/Zero/depends/x86_64-unknown-linux-gnu/share/../include/  -DHAVE_BUILD_INFO -D__STDC_FORMAT_MACROS -DPTHREAD_STACK_MIN=16384  -Wformat -Wformat-security -Wstack-protector -fstack-protector-all  -Wno-deprecated-declarations -Wno-nonnull -fPIE -pipe -O1 -g -fwrapv -fno-strict-aliasing -Wno-builtin-declaration-mismatch -MT test/test_bitcoin-crypto_tests.o -MD -MP -MF test/.deps/test_bitcoin-crypto_tests.Tpo -c -o test/test_bitcoin-crypto_tests.o `test -f 'test/crypto_tests.cpp' || echo './'`test/crypto_tests.cpp
mv -f test/.deps/test_bitcoin-crypto_tests.Tpo test/.deps/test_bitcoin-crypto_tests.Po
/home/devl/Zero/depends/x86_64-unknown-linux-gnu/share/../native/bin/ccache g++ -m64 -std=c++11 -DHAVE_CONFIG_H -I. -I../src/config  -U_FORTIFY_SOURCE -D_FORTIFY_SOURCE=2 -I. -I./obj  -pthread -I/home/devl/Zero/depends/x86_64-unknown-linux-gnu/share/../include -I./leveldb/include -I./leveldb/helpers/memenv -I/home/devl/Zero/depends/x86_64-unknown-linux-gnu/include  -I/home/devl/Zero/depends/x86_64-unknown-linux-gnu/include  -I./secp256k1/include -I./univalue/include -I./test/  -I/home/devl/Zero/depends/x86_64-unknown-linux-gnu/include  -I/home/devl/Zero/depends/x86_64-unknown-linux-gnu/share/../include/  -DHAVE_BUILD_INFO -D__STDC_FORMAT_MACROS -DPTHREAD_STACK_MIN=16384  -Wformat -Wformat-security -Wstack-protector -fstack-protector-all  -Wno-deprecated-declarations -Wno-nonnull -fPIE -pipe -O1 -g -fwrapv -fno-strict-aliasing -Wno-builtin-declaration-mismatch -MT test/test_bitcoin-DoS_tests.o -MD -MP -MF test/.deps/test_bitcoin-DoS_tests.Tpo -c -o test/test_bitcoin-DoS_tests.o `test -f 'test/DoS_tests.cpp' || echo './'`test/DoS_tests.cpp
mv -f test/.deps/test_bitcoin-DoS_tests.Tpo test/.deps/test_bitcoin-DoS_tests.Po
/home/devl/Zero/depends/x86_64-unknown-linux-gnu/share/../native/bin/ccache g++ -m64 -std=c++11 -DHAVE_CONFIG_H -I. -I../src/config  -U_FORTIFY_SOURCE -D_FORTIFY_SOURCE=2 -I. -I./obj  -pthread -I/home/devl/Zero/depends/x86_64-unknown-linux-gnu/share/../include -I./leveldb/include -I./leveldb/helpers/memenv -I/home/devl/Zero/depends/x86_64-unknown-linux-gnu/include  -I/home/devl/Zero/depends/x86_64-unknown-linux-gnu/include  -I./secp256k1/include -I./univalue/include -I./test/  -I/home/devl/Zero/depends/x86_64-unknown-linux-gnu/include  -I/home/devl/Zero/depends/x86_64-unknown-linux-gnu/share/../include/  -DHAVE_BUILD_INFO -D__STDC_FORMAT_MACROS -DPTHREAD_STACK_MIN=16384  -Wformat -Wformat-security -Wstack-protector -fstack-protector-all  -Wno-deprecated-declarations -Wno-nonnull -fPIE -pipe -O1 -g -fwrapv -fno-strict-aliasing -Wno-builtin-declaration-mismatch -MT test/test_bitcoin-equihash_tests.o -MD -MP -MF test/.deps/test_bitcoin-equihash_tests.Tpo -c -o test/test_bitcoin-equihash_tests.o `test -f 'test/equihash_tests.cpp' || echo './'`test/equihash_tests.cpp
mv -f test/.deps/test_bitcoin-equihash_tests.Tpo test/.deps/test_bitcoin-equihash_tests.Po
/home/devl/Zero/depends/x86_64-unknown-linux-gnu/share/../native/bin/ccache g++ -m64 -std=c++11 -DHAVE_CONFIG_H -I. -I../src/config  -U_FORTIFY_SOURCE -D_FORTIFY_SOURCE=2 -I. -I./obj  -pthread -I/home/devl/Zero/depends/x86_64-unknown-linux-gnu/share/../include -I./leveldb/include -I./leveldb/helpers/memenv -I/home/devl/Zero/depends/x86_64-unknown-linux-gnu/include  -I/home/devl/Zero/depends/x86_64-unknown-linux-gnu/include  -I./secp256k1/include -I./univalue/include -I./test/  -I/home/devl/Zero/depends/x86_64-unknown-linux-gnu/include  -I/home/devl/Zero/depends/x86_64-unknown-linux-gnu/share/../include/  -DHAVE_BUILD_INFO -D__STDC_FORMAT_MACROS -DPTHREAD_STACK_MIN=16384  -Wformat -Wformat-security -Wstack-protector -fstack-protector-all  -Wno-deprecated-declarations -Wno-nonnull -fPIE -pipe -O1 -g -fwrapv -fno-strict-aliasing -Wno-builtin-declaration-mismatch -MT test/test_bitcoin-getarg_tests.o -MD -MP -MF test/.deps/test_bitcoin-getarg_tests.Tpo -c -o test/test_bitcoin-getarg_tests.o `test -f 'test/getarg_tests.cpp' || echo './'`test/getarg_tests.cpp
mv -f test/.deps/test_bitcoin-getarg_tests.Tpo test/.deps/test_bitcoin-getarg_tests.Po
/home/devl/Zero/depends/x86_64-unknown-linux-gnu/share/../native/bin/ccache g++ -m64 -std=c++11 -DHAVE_CONFIG_H -I. -I../src/config  -U_FORTIFY_SOURCE -D_FORTIFY_SOURCE=2 -I. -I./obj  -pthread -I/home/devl/Zero/depends/x86_64-unknown-linux-gnu/share/../include -I./leveldb/include -I./leveldb/helpers/memenv -I/home/devl/Zero/depends/x86_64-unknown-linux-gnu/include  -I/home/devl/Zero/depends/x86_64-unknown-linux-gnu/include  -I./secp256k1/include -I./univalue/include -I./test/  -I/home/devl/Zero/depends/x86_64-unknown-linux-gnu/include  -I/home/devl/Zero/depends/x86_64-unknown-linux-gnu/share/../include/  -DHAVE_BUILD_INFO -D__STDC_FORMAT_MACROS -DPTHREAD_STACK_MIN=16384  -Wformat -Wformat-security -Wstack-protector -fstack-protector-all  -Wno-deprecated-declarations -Wno-nonnull -fPIE -pipe -O1 -g -fwrapv -fno-strict-aliasing -Wno-builtin-declaration-mismatch -MT test/test_bitcoin-hash_tests.o -MD -MP -MF test/.deps/test_bitcoin-hash_tests.Tpo -c -o test/test_bitcoin-hash_tests.o `test -f 'test/hash_tests.cpp' || echo './'`test/hash_tests.cpp
mv -f test/.deps/test_bitcoin-hash_tests.Tpo test/.deps/test_bitcoin-hash_tests.Po
/home/devl/Zero/depends/x86_64-unknown-linux-gnu/share/../native/bin/ccache g++ -m64 -std=c++11 -DHAVE_CONFIG_H -I. -I../src/config  -U_FORTIFY_SOURCE -D_FORTIFY_SOURCE=2 -I. -I./obj  -pthread -I/home/devl/Zero/depends/x86_64-unknown-linux-gnu/share/../include -I./leveldb/include -I./leveldb/helpers/memenv -I/home/devl/Zero/depends/x86_64-unknown-linux-gnu/include  -I/home/devl/Zero/depends/x86_64-unknown-linux-gnu/include  -I./secp256k1/include -I./univalue/include -I./test/  -I/home/devl/Zero/depends/x86_64-unknown-linux-gnu/include  -I/home/devl/Zero/depends/x86_64-unknown-linux-gnu/share/../include/  -DHAVE_BUILD_INFO -D__STDC_FORMAT_MACROS -DPTHREAD_STACK_MIN=16384  -Wformat -Wformat-security -Wstack-protector -fstack-protector-all  -Wno-deprecated-declarations -Wno-nonnull -fPIE -pipe -O1 -g -fwrapv -fno-strict-aliasing -Wno-builtin-declaration-mismatch -MT test/test_bitcoin-key_tests.o -MD -MP -MF test/.deps/test_bitcoin-key_tests.Tpo -c -o test/test_bitcoin-key_tests.o `test -f 'test/key_tests.cpp' || echo './'`test/key_tests.cpp
mv -f test/.deps/test_bitcoin-key_tests.Tpo test/.deps/test_bitcoin-key_tests.Po
/home/devl/Zero/depends/x86_64-unknown-linux-gnu/share/../native/bin/ccache g++ -m64 -std=c++11 -DHAVE_CONFIG_H -I. -I../src/config  -U_FORTIFY_SOURCE -D_FORTIFY_SOURCE=2 -I. -I./obj  -pthread -I/home/devl/Zero/depends/x86_64-unknown-linux-gnu/share/../include -I./leveldb/include -I./leveldb/helpers/memenv -I/home/devl/Zero/depends/x86_64-unknown-linux-gnu/include  -I/home/devl/Zero/depends/x86_64-unknown-linux-gnu/include  -I./secp256k1/include -I./univalue/include -I./test/  -I/home/devl/Zero/depends/x86_64-unknown-linux-gnu/include  -I/home/devl/Zero/depends/x86_64-unknown-linux-gnu/share/../include/  -DHAVE_BUILD_INFO -D__STDC_FORMAT_MACROS -DPTHREAD_STACK_MIN=16384  -Wformat -Wformat-security -Wstack-protector -fstack-protector-all  -Wno-deprecated-declarations -Wno-nonnull -fPIE -pipe -O1 -g -fwrapv -fno-strict-aliasing -Wno-builtin-declaration-mismatch -MT test/test_bitcoin-dbwrapper_tests.o -MD -MP -MF test/.deps/test_bitcoin-dbwrapper_tests.Tpo -c -o test/test_bitcoin-dbwrapper_tests.o `test -f 'test/dbwrapper_tests.cpp' || echo './'`test/dbwrapper_tests.cpp
mv -f test/.deps/test_bitcoin-dbwrapper_tests.Tpo test/.deps/test_bitcoin-dbwrapper_tests.Po
/home/devl/Zero/depends/x86_64-unknown-linux-gnu/share/../native/bin/ccache g++ -m64 -std=c++11 -DHAVE_CONFIG_H -I. -I../src/config  -U_FORTIFY_SOURCE -D_FORTIFY_SOURCE=2 -I. -I./obj  -pthread -I/home/devl/Zero/depends/x86_64-unknown-linux-gnu/share/../include -I./leveldb/include -I./leveldb/helpers/memenv -I/home/devl/Zero/depends/x86_64-unknown-linux-gnu/include  -I/home/devl/Zero/depends/x86_64-unknown-linux-gnu/include  -I./secp256k1/include -I./univalue/include -I./test/  -I/home/devl/Zero/depends/x86_64-unknown-linux-gnu/include  -I/home/devl/Zero/depends/x86_64-unknown-linux-gnu/share/../include/  -DHAVE_BUILD_INFO -D__STDC_FORMAT_MACROS -DPTHREAD_STACK_MIN=16384  -Wformat -Wformat-security -Wstack-protector -fstack-protector-all  -Wno-deprecated-declarations -Wno-nonnull -fPIE -pipe -O1 -g -fwrapv -fno-strict-aliasing -Wno-builtin-declaration-mismatch -MT test/test_bitcoin-main_tests.o -MD -MP -MF test/.deps/test_bitcoin-main_tests.Tpo -c -o test/test_bitcoin-main_tests.o `test -f 'test/main_tests.cpp' || echo './'`test/main_tests.cpp
mv -f test/.deps/test_bitcoin-main_tests.Tpo test/.deps/test_bitcoin-main_tests.Po
/home/devl/Zero/depends/x86_64-unknown-linux-gnu/share/../native/bin/ccache g++ -m64 -std=c++11 -DHAVE_CONFIG_H -I. -I../src/config  -U_FORTIFY_SOURCE -D_FORTIFY_SOURCE=2 -I. -I./obj  -pthread -I/home/devl/Zero/depends/x86_64-unknown-linux-gnu/share/../include -I./leveldb/include -I./leveldb/helpers/memenv -I/home/devl/Zero/depends/x86_64-unknown-linux-gnu/include  -I/home/devl/Zero/depends/x86_64-unknown-linux-gnu/include  -I./secp256k1/include -I./univalue/include -I./test/  -I/home/devl/Zero/depends/x86_64-unknown-linux-gnu/include  -I/home/devl/Zero/depends/x86_64-unknown-linux-gnu/share/../include/  -DHAVE_BUILD_INFO -D__STDC_FORMAT_MACROS -DPTHREAD_STACK_MIN=16384  -Wformat -Wformat-security -Wstack-protector -fstack-protector-all  -Wno-deprecated-declarations -Wno-nonnull -fPIE -pipe -O1 -g -fwrapv -fno-strict-aliasing -Wno-builtin-declaration-mismatch -MT test/test_bitcoin-mempool_tests.o -MD -MP -MF test/.deps/test_bitcoin-mempool_tests.Tpo -c -o test/test_bitcoin-mempool_tests.o `test -f 'test/mempool_tests.cpp' || echo './'`test/mempool_tests.cpp
mv -f test/.deps/test_bitcoin-mempool_tests.Tpo test/.deps/test_bitcoin-mempool_tests.Po
/home/devl/Zero/depends/x86_64-unknown-linux-gnu/share/../native/bin/ccache g++ -m64 -std=c++11 -DHAVE_CONFIG_H -I. -I../src/config  -U_FORTIFY_SOURCE -D_FORTIFY_SOURCE=2 -I. -I./obj  -pthread -I/home/devl/Zero/depends/x86_64-unknown-linux-gnu/share/../include -I./leveldb/include -I./leveldb/helpers/memenv -I/home/devl/Zero/depends/x86_64-unknown-linux-gnu/include  -I/home/devl/Zero/depends/x86_64-unknown-linux-gnu/include  -I./secp256k1/include -I./univalue/include -I./test/  -I/home/devl/Zero/depends/x86_64-unknown-linux-gnu/include  -I/home/devl/Zero/depends/x86_64-unknown-linux-gnu/share/../include/  -DHAVE_BUILD_INFO -D__STDC_FORMAT_MACROS -DPTHREAD_STACK_MIN=16384  -Wformat -Wformat-security -Wstack-protector -fstack-protector-all  -Wno-deprecated-declarations -Wno-nonnull -fPIE -pipe -O1 -g -fwrapv -fno-strict-aliasing -Wno-builtin-declaration-mismatch -MT test/test_bitcoin-miner_tests.o -MD -MP -MF test/.deps/test_bitcoin-miner_tests.Tpo -c -o test/test_bitcoin-miner_tests.o `test -f 'test/miner_tests.cpp' || echo './'`test/miner_tests.cpp
mv -f test/.deps/test_bitcoin-miner_tests.Tpo test/.deps/test_bitcoin-miner_tests.Po
/home/devl/Zero/depends/x86_64-unknown-linux-gnu/share/../native/bin/ccache g++ -m64 -std=c++11 -DHAVE_CONFIG_H -I. -I../src/config  -U_FORTIFY_SOURCE -D_FORTIFY_SOURCE=2 -I. -I./obj  -pthread -I/home/devl/Zero/depends/x86_64-unknown-linux-gnu/share/../include -I./leveldb/include -I./leveldb/helpers/memenv -I/home/devl/Zero/depends/x86_64-unknown-linux-gnu/include  -I/home/devl/Zero/depends/x86_64-unknown-linux-gnu/include  -I./secp256k1/include -I./univalue/include -I./test/  -I/home/devl/Zero/depends/x86_64-unknown-linux-gnu/include  -I/home/devl/Zero/depends/x86_64-unknown-linux-gnu/share/../include/  -DHAVE_BUILD_INFO -D__STDC_FORMAT_MACROS -DPTHREAD_STACK_MIN=16384  -Wformat -Wformat-security -Wstack-protector -fstack-protector-all  -Wno-deprecated-declarations -Wno-nonnull -fPIE -pipe -O1 -g -fwrapv -fno-strict-aliasing -Wno-builtin-declaration-mismatch -MT test/test_bitcoin-mruset_tests.o -MD -MP -MF test/.deps/test_bitcoin-mruset_tests.Tpo -c -o test/test_bitcoin-mruset_tests.o `test -f 'test/mruset_tests.cpp' || echo './'`test/mruset_tests.cpp
mv -f test/.deps/test_bitcoin-mruset_tests.Tpo test/.deps/test_bitcoin-mruset_tests.Po
/home/devl/Zero/depends/x86_64-unknown-linux-gnu/share/../native/bin/ccache g++ -m64 -std=c++11 -DHAVE_CONFIG_H -I. -I../src/config  -U_FORTIFY_SOURCE -D_FORTIFY_SOURCE=2 -I. -I./obj  -pthread -I/home/devl/Zero/depends/x86_64-unknown-linux-gnu/share/../include -I./leveldb/include -I./leveldb/helpers/memenv -I/home/devl/Zero/depends/x86_64-unknown-linux-gnu/include  -I/home/devl/Zero/depends/x86_64-unknown-linux-gnu/include  -I./secp256k1/include -I./univalue/include -I./test/  -I/home/devl/Zero/depends/x86_64-unknown-linux-gnu/include  -I/home/devl/Zero/depends/x86_64-unknown-linux-gnu/share/../include/  -DHAVE_BUILD_INFO -D__STDC_FORMAT_MACROS -DPTHREAD_STACK_MIN=16384  -Wformat -Wformat-security -Wstack-protector -fstack-protector-all  -Wno-deprecated-declarations -Wno-nonnull -fPIE -pipe -O1 -g -fwrapv -fno-strict-aliasing -Wno-builtin-declaration-mismatch -MT test/test_bitcoin-multisig_tests.o -MD -MP -MF test/.deps/test_bitcoin-multisig_tests.Tpo -c -o test/test_bitcoin-multisig_tests.o `test -f 'test/multisig_tests.cpp' || echo './'`test/multisig_tests.cpp
mv -f test/.deps/test_bitcoin-multisig_tests.Tpo test/.deps/test_bitcoin-multisig_tests.Po
/home/devl/Zero/depends/x86_64-unknown-linux-gnu/share/../native/bin/ccache g++ -m64 -std=c++11 -DHAVE_CONFIG_H -I. -I../src/config  -U_FORTIFY_SOURCE -D_FORTIFY_SOURCE=2 -I. -I./obj  -pthread -I/home/devl/Zero/depends/x86_64-unknown-linux-gnu/share/../include -I./leveldb/include -I./leveldb/helpers/memenv -I/home/devl/Zero/depends/x86_64-unknown-linux-gnu/include  -I/home/devl/Zero/depends/x86_64-unknown-linux-gnu/include  -I./secp256k1/include -I./univalue/include -I./test/  -I/home/devl/Zero/depends/x86_64-unknown-linux-gnu/include  -I/home/devl/Zero/depends/x86_64-unknown-linux-gnu/share/../include/  -DHAVE_BUILD_INFO -D__STDC_FORMAT_MACROS -DPTHREAD_STACK_MIN=16384  -Wformat -Wformat-security -Wstack-protector -fstack-protector-all  -Wno-deprecated-declarations -Wno-nonnull -fPIE -pipe -O1 -g -fwrapv -fno-strict-aliasing -Wno-builtin-declaration-mismatch -MT test/test_bitcoin-netbase_tests.o -MD -MP -MF test/.deps/test_bitcoin-netbase_tests.Tpo -c -o test/test_bitcoin-netbase_tests.o `test -f 'test/netbase_tests.cpp' || echo './'`test/netbase_tests.cpp
mv -f test/.deps/test_bitcoin-netbase_tests.Tpo test/.deps/test_bitcoin-netbase_tests.Po
/home/devl/Zero/depends/x86_64-unknown-linux-gnu/share/../native/bin/ccache g++ -m64 -std=c++11 -DHAVE_CONFIG_H -I. -I../src/config  -U_FORTIFY_SOURCE -D_FORTIFY_SOURCE=2 -I. -I./obj  -pthread -I/home/devl/Zero/depends/x86_64-unknown-linux-gnu/share/../include -I./leveldb/include -I./leveldb/helpers/memenv -I/home/devl/Zero/depends/x86_64-unknown-linux-gnu/include  -I/home/devl/Zero/depends/x86_64-unknown-linux-gnu/include  -I./secp256k1/include -I./univalue/include -I./test/  -I/home/devl/Zero/depends/x86_64-unknown-linux-gnu/include  -I/home/devl/Zero/depends/x86_64-unknown-linux-gnu/share/../include/  -DHAVE_BUILD_INFO -D__STDC_FORMAT_MACROS -DPTHREAD_STACK_MIN=16384  -Wformat -Wformat-security -Wstack-protector -fstack-protector-all  -Wno-deprecated-declarations -Wno-nonnull -fPIE -pipe -O1 -g -fwrapv -fno-strict-aliasing -Wno-builtin-declaration-mismatch -MT test/test_bitcoin-pmt_tests.o -MD -MP -MF test/.deps/test_bitcoin-pmt_tests.Tpo -c -o test/test_bitcoin-pmt_tests.o `test -f 'test/pmt_tests.cpp' || echo './'`test/pmt_tests.cpp
mv -f test/.deps/test_bitcoin-pmt_tests.Tpo test/.deps/test_bitcoin-pmt_tests.Po
/home/devl/Zero/depends/x86_64-unknown-linux-gnu/share/../native/bin/ccache g++ -m64 -std=c++11 -DHAVE_CONFIG_H -I. -I../src/config  -U_FORTIFY_SOURCE -D_FORTIFY_SOURCE=2 -I. -I./obj  -pthread -I/home/devl/Zero/depends/x86_64-unknown-linux-gnu/share/../include -I./leveldb/include -I./leveldb/helpers/memenv -I/home/devl/Zero/depends/x86_64-unknown-linux-gnu/include  -I/home/devl/Zero/depends/x86_64-unknown-linux-gnu/include  -I./secp256k1/include -I./univalue/include -I./test/  -I/home/devl/Zero/depends/x86_64-unknown-linux-gnu/include  -I/home/devl/Zero/depends/x86_64-unknown-linux-gnu/share/../include/  -DHAVE_BUILD_INFO -D__STDC_FORMAT_MACROS -DPTHREAD_STACK_MIN=16384  -Wformat -Wformat-security -Wstack-protector -fstack-protector-all  -Wno-deprecated-declarations -Wno-nonnull -fPIE -pipe -O1 -g -fwrapv -fno-strict-aliasing -Wno-builtin-declaration-mismatch -MT test/test_bitcoin-policyestimator_tests.o -MD -MP -MF test/.deps/test_bitcoin-policyestimator_tests.Tpo -c -o test/test_bitcoin-policyestimator_tests.o `test -f 'test/policyestimator_tests.cpp' || echo './'`test/policyestimator_tests.cpp
mv -f test/.deps/test_bitcoin-policyestimator_tests.Tpo test/.deps/test_bitcoin-policyestimator_tests.Po
/home/devl/Zero/depends/x86_64-unknown-linux-gnu/share/../native/bin/ccache g++ -m64 -std=c++11 -DHAVE_CONFIG_H -I. -I../src/config  -U_FORTIFY_SOURCE -D_FORTIFY_SOURCE=2 -I. -I./obj  -pthread -I/home/devl/Zero/depends/x86_64-unknown-linux-gnu/share/../include -I./leveldb/include -I./leveldb/helpers/memenv -I/home/devl/Zero/depends/x86_64-unknown-linux-gnu/include  -I/home/devl/Zero/depends/x86_64-unknown-linux-gnu/include  -I./secp256k1/include -I./univalue/include -I./test/  -I/home/devl/Zero/depends/x86_64-unknown-linux-gnu/include  -I/home/devl/Zero/depends/x86_64-unknown-linux-gnu/share/../include/  -DHAVE_BUILD_INFO -D__STDC_FORMAT_MACROS -DPTHREAD_STACK_MIN=16384  -Wformat -Wformat-security -Wstack-protector -fstack-protector-all  -Wno-deprecated-declarations -Wno-nonnull -fPIE -pipe -O1 -g -fwrapv -fno-strict-aliasing -Wno-builtin-declaration-mismatch -MT test/test_bitcoin-pow_tests.o -MD -MP -MF test/.deps/test_bitcoin-pow_tests.Tpo -c -o test/test_bitcoin-pow_tests.o `test -f 'test/pow_tests.cpp' || echo './'`test/pow_tests.cpp
mv -f test/.deps/test_bitcoin-pow_tests.Tpo test/.deps/test_bitcoin-pow_tests.Po
/home/devl/Zero/depends/x86_64-unknown-linux-gnu/share/../native/bin/ccache g++ -m64 -std=c++11 -DHAVE_CONFIG_H -I. -I../src/config  -U_FORTIFY_SOURCE -D_FORTIFY_SOURCE=2 -I. -I./obj  -pthread -I/home/devl/Zero/depends/x86_64-unknown-linux-gnu/share/../include -I./leveldb/include -I./leveldb/helpers/memenv -I/home/devl/Zero/depends/x86_64-unknown-linux-gnu/include  -I/home/devl/Zero/depends/x86_64-unknown-linux-gnu/include  -I./secp256k1/include -I./univalue/include -I./test/  -I/home/devl/Zero/depends/x86_64-unknown-linux-gnu/include  -I/home/devl/Zero/depends/x86_64-unknown-linux-gnu/share/../include/  -DHAVE_BUILD_INFO -D__STDC_FORMAT_MACROS -DPTHREAD_STACK_MIN=16384  -Wformat -Wformat-security -Wstack-protector -fstack-protector-all  -Wno-deprecated-declarations -Wno-nonnull -fPIE -pipe -O1 -g -fwrapv -fno-strict-aliasing -Wno-builtin-declaration-mismatch -MT test/test_bitcoin-prevector_tests.o -MD -MP -MF test/.deps/test_bitcoin-prevector_tests.Tpo -c -o test/test_bitcoin-prevector_tests.o `test -f 'test/prevector_tests.cpp' || echo './'`test/prevector_tests.cpp
mv -f test/.deps/test_bitcoin-prevector_tests.Tpo test/.deps/test_bitcoin-prevector_tests.Po
/home/devl/Zero/depends/x86_64-unknown-linux-gnu/share/../native/bin/ccache g++ -m64 -std=c++11 -DHAVE_CONFIG_H -I. -I../src/config  -U_FORTIFY_SOURCE -D_FORTIFY_SOURCE=2 -I. -I./obj  -pthread -I/home/devl/Zero/depends/x86_64-unknown-linux-gnu/share/../include -I./leveldb/include -I./leveldb/helpers/memenv -I/home/devl/Zero/depends/x86_64-unknown-linux-gnu/include  -I/home/devl/Zero/depends/x86_64-unknown-linux-gnu/include  -I./secp256k1/include -I./univalue/include -I./test/  -I/home/devl/Zero/depends/x86_64-unknown-linux-gnu/include  -I/home/devl/Zero/depends/x86_64-unknown-linux-gnu/share/../include/  -DHAVE_BUILD_INFO -D__STDC_FORMAT_MACROS -DPTHREAD_STACK_MIN=16384  -Wformat -Wformat-security -Wstack-protector -fstack-protector-all  -Wno-deprecated-declarations -Wno-nonnull -fPIE -pipe -O1 -g -fwrapv -fno-strict-aliasing -Wno-builtin-declaration-mismatch -MT test/test_bitcoin-raii_event_tests.o -MD -MP -MF test/.deps/test_bitcoin-raii_event_tests.Tpo -c -o test/test_bitcoin-raii_event_tests.o `test -f 'test/raii_event_tests.cpp' || echo './'`test/raii_event_tests.cpp
mv -f test/.deps/test_bitcoin-raii_event_tests.Tpo test/.deps/test_bitcoin-raii_event_tests.Po
/home/devl/Zero/depends/x86_64-unknown-linux-gnu/share/../native/bin/ccache g++ -m64 -std=c++11 -DHAVE_CONFIG_H -I. -I../src/config  -U_FORTIFY_SOURCE -D_FORTIFY_SOURCE=2 -I. -I./obj  -pthread -I/home/devl/Zero/depends/x86_64-unknown-linux-gnu/share/../include -I./leveldb/include -I./leveldb/helpers/memenv -I/home/devl/Zero/depends/x86_64-unknown-linux-gnu/include  -I/home/devl/Zero/depends/x86_64-unknown-linux-gnu/include  -I./secp256k1/include -I./univalue/include -I./test/  -I/home/devl/Zero/depends/x86_64-unknown-linux-gnu/include  -I/home/devl/Zero/depends/x86_64-unknown-linux-gnu/share/../include/  -DHAVE_BUILD_INFO -D__STDC_FORMAT_MACROS -DPTHREAD_STACK_MIN=16384  -Wformat -Wformat-security -Wstack-protector -fstack-protector-all  -Wno-deprecated-declarations -Wno-nonnull -fPIE -pipe -O1 -g -fwrapv -fno-strict-aliasing -Wno-builtin-declaration-mismatch -MT test/test_bitcoin-reverselock_tests.o -MD -MP -MF test/.deps/test_bitcoin-reverselock_tests.Tpo -c -o test/test_bitcoin-reverselock_tests.o `test -f 'test/reverselock_tests.cpp' || echo './'`test/reverselock_tests.cpp
mv -f test/.deps/test_bitcoin-reverselock_tests.Tpo test/.deps/test_bitcoin-reverselock_tests.Po
/home/devl/Zero/depends/x86_64-unknown-linux-gnu/share/../native/bin/ccache g++ -m64 -std=c++11 -DHAVE_CONFIG_H -I. -I../src/config  -U_FORTIFY_SOURCE -D_FORTIFY_SOURCE=2 -I. -I./obj  -pthread -I/home/devl/Zero/depends/x86_64-unknown-linux-gnu/share/../include -I./leveldb/include -I./leveldb/helpers/memenv -I/home/devl/Zero/depends/x86_64-unknown-linux-gnu/include  -I/home/devl/Zero/depends/x86_64-unknown-linux-gnu/include  -I./secp256k1/include -I./univalue/include -I./test/  -I/home/devl/Zero/depends/x86_64-unknown-linux-gnu/include  -I/home/devl/Zero/depends/x86_64-unknown-linux-gnu/share/../include/  -DHAVE_BUILD_INFO -D__STDC_FORMAT_MACROS -DPTHREAD_STACK_MIN=16384  -Wformat -Wformat-security -Wstack-protector -fstack-protector-all  -Wno-deprecated-declarations -Wno-nonnull -fPIE -pipe -O1 -g -fwrapv -fno-strict-aliasing -Wno-builtin-declaration-mismatch -MT test/test_bitcoin-rpc_tests.o -MD -MP -MF test/.deps/test_bitcoin-rpc_tests.Tpo -c -o test/test_bitcoin-rpc_tests.o `test -f 'test/rpc_tests.cpp' || echo './'`test/rpc_tests.cpp
mv -f test/.deps/test_bitcoin-rpc_tests.Tpo test/.deps/test_bitcoin-rpc_tests.Po
/home/devl/Zero/depends/x86_64-unknown-linux-gnu/share/../native/bin/ccache g++ -m64 -std=c++11 -DHAVE_CONFIG_H -I. -I../src/config  -U_FORTIFY_SOURCE -D_FORTIFY_SOURCE=2 -I. -I./obj  -pthread -I/home/devl/Zero/depends/x86_64-unknown-linux-gnu/share/../include -I./leveldb/include -I./leveldb/helpers/memenv -I/home/devl/Zero/depends/x86_64-unknown-linux-gnu/include  -I/home/devl/Zero/depends/x86_64-unknown-linux-gnu/include  -I./secp256k1/include -I./univalue/include -I./test/  -I/home/devl/Zero/depends/x86_64-unknown-linux-gnu/include  -I/home/devl/Zero/depends/x86_64-unknown-linux-gnu/share/../include/  -DHAVE_BUILD_INFO -D__STDC_FORMAT_MACROS -DPTHREAD_STACK_MIN=16384  -Wformat -Wformat-security -Wstack-protector -fstack-protector-all  -Wno-deprecated-declarations -Wno-nonnull -fPIE -pipe -O1 -g -fwrapv -fno-strict-aliasing -Wno-builtin-declaration-mismatch -MT test/test_bitcoin-sanity_tests.o -MD -MP -MF test/.deps/test_bitcoin-sanity_tests.Tpo -c -o test/test_bitcoin-sanity_tests.o `test -f 'test/sanity_tests.cpp' || echo './'`test/sanity_tests.cpp
mv -f test/.deps/test_bitcoin-sanity_tests.Tpo test/.deps/test_bitcoin-sanity_tests.Po
/home/devl/Zero/depends/x86_64-unknown-linux-gnu/share/../native/bin/ccache g++ -m64 -std=c++11 -DHAVE_CONFIG_H -I. -I../src/config  -U_FORTIFY_SOURCE -D_FORTIFY_SOURCE=2 -I. -I./obj  -pthread -I/home/devl/Zero/depends/x86_64-unknown-linux-gnu/share/../include -I./leveldb/include -I./leveldb/helpers/memenv -I/home/devl/Zero/depends/x86_64-unknown-linux-gnu/include  -I/home/devl/Zero/depends/x86_64-unknown-linux-gnu/include  -I./secp256k1/include -I./univalue/include -I./test/  -I/home/devl/Zero/depends/x86_64-unknown-linux-gnu/include  -I/home/devl/Zero/depends/x86_64-unknown-linux-gnu/share/../include/  -DHAVE_BUILD_INFO -D__STDC_FORMAT_MACROS -DPTHREAD_STACK_MIN=16384  -Wformat -Wformat-security -Wstack-protector -fstack-protector-all  -Wno-deprecated-declarations -Wno-nonnull -fPIE -pipe -O1 -g -fwrapv -fno-strict-aliasing -Wno-builtin-declaration-mismatch -MT test/test_bitcoin-scheduler_tests.o -MD -MP -MF test/.deps/test_bitcoin-scheduler_tests.Tpo -c -o test/test_bitcoin-scheduler_tests.o `test -f 'test/scheduler_tests.cpp' || echo './'`test/scheduler_tests.cpp
mv -f test/.deps/test_bitcoin-scheduler_tests.Tpo test/.deps/test_bitcoin-scheduler_tests.Po
/home/devl/Zero/depends/x86_64-unknown-linux-gnu/share/../native/bin/ccache g++ -m64 -std=c++11 -DHAVE_CONFIG_H -I. -I../src/config  -U_FORTIFY_SOURCE -D_FORTIFY_SOURCE=2 -I. -I./obj  -pthread -I/home/devl/Zero/depends/x86_64-unknown-linux-gnu/share/../include -I./leveldb/include -I./leveldb/helpers/memenv -I/home/devl/Zero/depends/x86_64-unknown-linux-gnu/include  -I/home/devl/Zero/depends/x86_64-unknown-linux-gnu/include  -I./secp256k1/include -I./univalue/include -I./test/  -I/home/devl/Zero/depends/x86_64-unknown-linux-gnu/include  -I/home/devl/Zero/depends/x86_64-unknown-linux-gnu/share/../include/  -DHAVE_BUILD_INFO -D__STDC_FORMAT_MACROS -DPTHREAD_STACK_MIN=16384  -Wformat -Wformat-security -Wstack-protector -fstack-protector-all  -Wno-deprecated-declarations -Wno-nonnull -fPIE -pipe -O1 -g -fwrapv -fno-strict-aliasing -Wno-builtin-declaration-mismatch -MT test/test_bitcoin-script_P2SH_tests.o -MD -MP -MF test/.deps/test_bitcoin-script_P2SH_tests.Tpo -c -o test/test_bitcoin-script_P2SH_tests.o `test -f 'test/script_P2SH_tests.cpp' || echo './'`test/script_P2SH_tests.cpp
mv -f test/.deps/test_bitcoin-script_P2SH_tests.Tpo test/.deps/test_bitcoin-script_P2SH_tests.Po
/home/devl/Zero/depends/x86_64-unknown-linux-gnu/share/../native/bin/ccache g++ -m64 -std=c++11 -DHAVE_CONFIG_H -I. -I../src/config  -U_FORTIFY_SOURCE -D_FORTIFY_SOURCE=2 -I. -I./obj  -pthread -I/home/devl/Zero/depends/x86_64-unknown-linux-gnu/share/../include -I./leveldb/include -I./leveldb/helpers/memenv -I/home/devl/Zero/depends/x86_64-unknown-linux-gnu/include  -I/home/devl/Zero/depends/x86_64-unknown-linux-gnu/include  -I./secp256k1/include -I./univalue/include -I./test/  -I/home/devl/Zero/depends/x86_64-unknown-linux-gnu/include  -I/home/devl/Zero/depends/x86_64-unknown-linux-gnu/share/../include/  -DHAVE_BUILD_INFO -D__STDC_FORMAT_MACROS -DPTHREAD_STACK_MIN=16384  -Wformat -Wformat-security -Wstack-protector -fstack-protector-all  -Wno-deprecated-declarations -Wno-nonnull -fPIE -pipe -O1 -g -fwrapv -fno-strict-aliasing -Wno-builtin-declaration-mismatch -MT test/test_bitcoin-script_P2PKH_tests.o -MD -MP -MF test/.deps/test_bitcoin-script_P2PKH_tests.Tpo -c -o test/test_bitcoin-script_P2PKH_tests.o `test -f 'test/script_P2PKH_tests.cpp' || echo './'`test/script_P2PKH_tests.cpp
mv -f test/.deps/test_bitcoin-script_P2PKH_tests.Tpo test/.deps/test_bitcoin-script_P2PKH_tests.Po
/home/devl/Zero/depends/x86_64-unknown-linux-gnu/share/../native/bin/ccache g++ -m64 -std=c++11 -DHAVE_CONFIG_H -I. -I../src/config  -U_FORTIFY_SOURCE -D_FORTIFY_SOURCE=2 -I. -I./obj  -pthread -I/home/devl/Zero/depends/x86_64-unknown-linux-gnu/share/../include -I./leveldb/include -I./leveldb/helpers/memenv -I/home/devl/Zero/depends/x86_64-unknown-linux-gnu/include  -I/home/devl/Zero/depends/x86_64-unknown-linux-gnu/include  -I./secp256k1/include -I./univalue/include -I./test/  -I/home/devl/Zero/depends/x86_64-unknown-linux-gnu/include  -I/home/devl/Zero/depends/x86_64-unknown-linux-gnu/share/../include/  -DHAVE_BUILD_INFO -D__STDC_FORMAT_MACROS -DPTHREAD_STACK_MIN=16384  -Wformat -Wformat-security -Wstack-protector -fstack-protector-all  -Wno-deprecated-declarations -Wno-nonnull -fPIE -pipe -O1 -g -fwrapv -fno-strict-aliasing -Wno-builtin-declaration-mismatch -MT test/test_bitcoin-scriptnum_tests.o -MD -MP -MF test/.deps/test_bitcoin-scriptnum_tests.Tpo -c -o test/test_bitcoin-scriptnum_tests.o `test -f 'test/scriptnum_tests.cpp' || echo './'`test/scriptnum_tests.cpp
mv -f test/.deps/test_bitcoin-scriptnum_tests.Tpo test/.deps/test_bitcoin-scriptnum_tests.Po
/home/devl/Zero/depends/x86_64-unknown-linux-gnu/share/../native/bin/ccache g++ -m64 -std=c++11 -DHAVE_CONFIG_H -I. -I../src/config  -U_FORTIFY_SOURCE -D_FORTIFY_SOURCE=2 -I. -I./obj  -pthread -I/home/devl/Zero/depends/x86_64-unknown-linux-gnu/share/../include -I./leveldb/include -I./leveldb/helpers/memenv -I/home/devl/Zero/depends/x86_64-unknown-linux-gnu/include  -I/home/devl/Zero/depends/x86_64-unknown-linux-gnu/include  -I./secp256k1/include -I./univalue/include -I./test/  -I/home/devl/Zero/depends/x86_64-unknown-linux-gnu/include  -I/home/devl/Zero/depends/x86_64-unknown-linux-gnu/share/../include/  -DHAVE_BUILD_INFO -D__STDC_FORMAT_MACROS -DPTHREAD_STACK_MIN=16384  -Wformat -Wformat-security -Wstack-protector -fstack-protector-all  -Wno-deprecated-declarations -Wno-nonnull -fPIE -pipe -O1 -g -fwrapv -fno-strict-aliasing -Wno-builtin-declaration-mismatch -MT test/test_bitcoin-serialize_tests.o -MD -MP -MF test/.deps/test_bitcoin-serialize_tests.Tpo -c -o test/test_bitcoin-serialize_tests.o `test -f 'test/serialize_tests.cpp' || echo './'`test/serialize_tests.cpp
mv -f test/.deps/test_bitcoin-serialize_tests.Tpo test/.deps/test_bitcoin-serialize_tests.Po
/home/devl/Zero/depends/x86_64-unknown-linux-gnu/share/../native/bin/ccache g++ -m64 -std=c++11 -DHAVE_CONFIG_H -I. -I../src/config  -U_FORTIFY_SOURCE -D_FORTIFY_SOURCE=2 -I. -I./obj  -pthread -I/home/devl/Zero/depends/x86_64-unknown-linux-gnu/share/../include -I./leveldb/include -I./leveldb/helpers/memenv -I/home/devl/Zero/depends/x86_64-unknown-linux-gnu/include  -I/home/devl/Zero/depends/x86_64-unknown-linux-gnu/include  -I./secp256k1/include -I./univalue/include -I./test/  -I/home/devl/Zero/depends/x86_64-unknown-linux-gnu/include  -I/home/devl/Zero/depends/x86_64-unknown-linux-gnu/share/../include/  -DHAVE_BUILD_INFO -D__STDC_FORMAT_MACROS -DPTHREAD_STACK_MIN=16384  -Wformat -Wformat-security -Wstack-protector -fstack-protector-all  -Wno-deprecated-declarations -Wno-nonnull -fPIE -pipe -O1 -g -fwrapv -fno-strict-aliasing -Wno-builtin-declaration-mismatch -MT test/test_bitcoin-sigopcount_tests.o -MD -MP -MF test/.deps/test_bitcoin-sigopcount_tests.Tpo -c -o test/test_bitcoin-sigopcount_tests.o `test -f 'test/sigopcount_tests.cpp' || echo './'`test/sigopcount_tests.cpp
mv -f test/.deps/test_bitcoin-sigopcount_tests.Tpo test/.deps/test_bitcoin-sigopcount_tests.Po
/home/devl/Zero/depends/x86_64-unknown-linux-gnu/share/../native/bin/ccache g++ -m64 -std=c++11 -DHAVE_CONFIG_H -I. -I../src/config  -U_FORTIFY_SOURCE -D_FORTIFY_SOURCE=2 -I. -I./obj  -pthread -I/home/devl/Zero/depends/x86_64-unknown-linux-gnu/share/../include -I./leveldb/include -I./leveldb/helpers/memenv -I/home/devl/Zero/depends/x86_64-unknown-linux-gnu/include  -I/home/devl/Zero/depends/x86_64-unknown-linux-gnu/include  -I./secp256k1/include -I./univalue/include -I./test/  -I/home/devl/Zero/depends/x86_64-unknown-linux-gnu/include  -I/home/devl/Zero/depends/x86_64-unknown-linux-gnu/share/../include/  -DHAVE_BUILD_INFO -D__STDC_FORMAT_MACROS -DPTHREAD_STACK_MIN=16384  -Wformat -Wformat-security -Wstack-protector -fstack-protector-all  -Wno-deprecated-declarations -Wno-nonnull -fPIE -pipe -O1 -g -fwrapv -fno-strict-aliasing -Wno-builtin-declaration-mismatch -MT test/test_bitcoin-skiplist_tests.o -MD -MP -MF test/.deps/test_bitcoin-skiplist_tests.Tpo -c -o test/test_bitcoin-skiplist_tests.o `test -f 'test/skiplist_tests.cpp' || echo './'`test/skiplist_tests.cpp
mv -f test/.deps/test_bitcoin-skiplist_tests.Tpo test/.deps/test_bitcoin-skiplist_tests.Po
/home/devl/Zero/depends/x86_64-unknown-linux-gnu/share/../native/bin/ccache g++ -m64 -std=c++11 -DHAVE_CONFIG_H -I. -I../src/config  -U_FORTIFY_SOURCE -D_FORTIFY_SOURCE=2 -I. -I./obj  -pthread -I/home/devl/Zero/depends/x86_64-unknown-linux-gnu/share/../include -I./leveldb/include -I./leveldb/helpers/memenv -I/home/devl/Zero/depends/x86_64-unknown-linux-gnu/include  -I/home/devl/Zero/depends/x86_64-unknown-linux-gnu/include  -I./secp256k1/include -I./univalue/include -I./test/  -I/home/devl/Zero/depends/x86_64-unknown-linux-gnu/include  -I/home/devl/Zero/depends/x86_64-unknown-linux-gnu/share/../include/  -DHAVE_BUILD_INFO -D__STDC_FORMAT_MACROS -DPTHREAD_STACK_MIN=16384  -Wformat -Wformat-security -Wstack-protector -fstack-protector-all  -Wno-deprecated-declarations -Wno-nonnull -fPIE -pipe -O1 -g -fwrapv -fno-strict-aliasing -Wno-builtin-declaration-mismatch -MT test/test_bitcoin-test_bitcoin.o -MD -MP -MF test/.deps/test_bitcoin-test_bitcoin.Tpo -c -o test/test_bitcoin-test_bitcoin.o `test -f 'test/test_bitcoin.cpp' || echo './'`test/test_bitcoin.cpp
mv -f test/.deps/test_bitcoin-test_bitcoin.Tpo test/.deps/test_bitcoin-test_bitcoin.Po
/home/devl/Zero/depends/x86_64-unknown-linux-gnu/share/../native/bin/ccache g++ -m64 -std=c++11 -DHAVE_CONFIG_H -I. -I../src/config  -U_FORTIFY_SOURCE -D_FORTIFY_SOURCE=2 -I. -I./obj  -pthread -I/home/devl/Zero/depends/x86_64-unknown-linux-gnu/share/../include -I./leveldb/include -I./leveldb/helpers/memenv -I/home/devl/Zero/depends/x86_64-unknown-linux-gnu/include  -I/home/devl/Zero/depends/x86_64-unknown-linux-gnu/include  -I./secp256k1/include -I./univalue/include -I./test/  -I/home/devl/Zero/depends/x86_64-unknown-linux-gnu/include  -I/home/devl/Zero/depends/x86_64-unknown-linux-gnu/share/../include/  -DHAVE_BUILD_INFO -D__STDC_FORMAT_MACROS -DPTHREAD_STACK_MIN=16384  -Wformat -Wformat-security -Wstack-protector -fstack-protector-all  -Wno-deprecated-declarations -Wno-nonnull -fPIE -pipe -O1 -g -fwrapv -fno-strict-aliasing -Wno-builtin-declaration-mismatch -MT test/test_bitcoin-timedata_tests.o -MD -MP -MF test/.deps/test_bitcoin-timedata_tests.Tpo -c -o test/test_bitcoin-timedata_tests.o `test -f 'test/timedata_tests.cpp' || echo './'`test/timedata_tests.cpp
mv -f test/.deps/test_bitcoin-timedata_tests.Tpo test/.deps/test_bitcoin-timedata_tests.Po
/home/devl/Zero/depends/x86_64-unknown-linux-gnu/share/../native/bin/ccache g++ -m64 -std=c++11 -DHAVE_CONFIG_H -I. -I../src/config  -U_FORTIFY_SOURCE -D_FORTIFY_SOURCE=2 -I. -I./obj  -pthread -I/home/devl/Zero/depends/x86_64-unknown-linux-gnu/share/../include -I./leveldb/include -I./leveldb/helpers/memenv -I/home/devl/Zero/depends/x86_64-unknown-linux-gnu/include  -I/home/devl/Zero/depends/x86_64-unknown-linux-gnu/include  -I./secp256k1/include -I./univalue/include -I./test/  -I/home/devl/Zero/depends/x86_64-unknown-linux-gnu/include  -I/home/devl/Zero/depends/x86_64-unknown-linux-gnu/share/../include/  -DHAVE_BUILD_INFO -D__STDC_FORMAT_MACROS -DPTHREAD_STACK_MIN=16384  -Wformat -Wformat-security -Wstack-protector -fstack-protector-all  -Wno-deprecated-declarations -Wno-nonnull -fPIE -pipe -O1 -g -fwrapv -fno-strict-aliasing -Wno-builtin-declaration-mismatch -MT test/test_bitcoin-torcontrol_tests.o -MD -MP -MF test/.deps/test_bitcoin-torcontrol_tests.Tpo -c -o test/test_bitcoin-torcontrol_tests.o `test -f 'test/torcontrol_tests.cpp' || echo './'`test/torcontrol_tests.cpp
mv -f test/.deps/test_bitcoin-torcontrol_tests.Tpo test/.deps/test_bitcoin-torcontrol_tests.Po
/home/devl/Zero/depends/x86_64-unknown-linux-gnu/share/../native/bin/ccache g++ -m64 -std=c++11 -DHAVE_CONFIG_H -I. -I../src/config  -U_FORTIFY_SOURCE -D_FORTIFY_SOURCE=2 -I. -I./obj  -pthread -I/home/devl/Zero/depends/x86_64-unknown-linux-gnu/share/../include -I./leveldb/include -I./leveldb/helpers/memenv -I/home/devl/Zero/depends/x86_64-unknown-linux-gnu/include  -I/home/devl/Zero/depends/x86_64-unknown-linux-gnu/include  -I./secp256k1/include -I./univalue/include -I./test/  -I/home/devl/Zero/depends/x86_64-unknown-linux-gnu/include  -I/home/devl/Zero/depends/x86_64-unknown-linux-gnu/share/../include/  -DHAVE_BUILD_INFO -D__STDC_FORMAT_MACROS -DPTHREAD_STACK_MIN=16384  -Wformat -Wformat-security -Wstack-protector -fstack-protector-all  -Wno-deprecated-declarations -Wno-nonnull -fPIE -pipe -O1 -g -fwrapv -fno-strict-aliasing -Wno-builtin-declaration-mismatch -MT test/test_bitcoin-uint256_tests.o -MD -MP -MF test/.deps/test_bitcoin-uint256_tests.Tpo -c -o test/test_bitcoin-uint256_tests.o `test -f 'test/uint256_tests.cpp' || echo './'`test/uint256_tests.cpp
mv -f test/.deps/test_bitcoin-uint256_tests.Tpo test/.deps/test_bitcoin-uint256_tests.Po
/home/devl/Zero/depends/x86_64-unknown-linux-gnu/share/../native/bin/ccache g++ -m64 -std=c++11 -DHAVE_CONFIG_H -I. -I../src/config  -U_FORTIFY_SOURCE -D_FORTIFY_SOURCE=2 -I. -I./obj  -pthread -I/home/devl/Zero/depends/x86_64-unknown-linux-gnu/share/../include -I./leveldb/include -I./leveldb/helpers/memenv -I/home/devl/Zero/depends/x86_64-unknown-linux-gnu/include  -I/home/devl/Zero/depends/x86_64-unknown-linux-gnu/include  -I./secp256k1/include -I./univalue/include -I./test/  -I/home/devl/Zero/depends/x86_64-unknown-linux-gnu/include  -I/home/devl/Zero/depends/x86_64-unknown-linux-gnu/share/../include/  -DHAVE_BUILD_INFO -D__STDC_FORMAT_MACROS -DPTHREAD_STACK_MIN=16384  -Wformat -Wformat-security -Wstack-protector -fstack-protector-all  -Wno-deprecated-declarations -Wno-nonnull -fPIE -pipe -O1 -g -fwrapv -fno-strict-aliasing -Wno-builtin-declaration-mismatch -MT test/test_bitcoin-univalue_tests.o -MD -MP -MF test/.deps/test_bitcoin-univalue_tests.Tpo -c -o test/test_bitcoin-univalue_tests.o `test -f 'test/univalue_tests.cpp' || echo './'`test/univalue_tests.cpp
mv -f test/.deps/test_bitcoin-univalue_tests.Tpo test/.deps/test_bitcoin-univalue_tests.Po
/home/devl/Zero/depends/x86_64-unknown-linux-gnu/share/../native/bin/ccache g++ -m64 -std=c++11 -DHAVE_CONFIG_H -I. -I../src/config  -U_FORTIFY_SOURCE -D_FORTIFY_SOURCE=2 -I. -I./obj  -pthread -I/home/devl/Zero/depends/x86_64-unknown-linux-gnu/share/../include -I./leveldb/include -I./leveldb/helpers/memenv -I/home/devl/Zero/depends/x86_64-unknown-linux-gnu/include  -I/home/devl/Zero/depends/x86_64-unknown-linux-gnu/include  -I./secp256k1/include -I./univalue/include -I./test/  -I/home/devl/Zero/depends/x86_64-unknown-linux-gnu/include  -I/home/devl/Zero/depends/x86_64-unknown-linux-gnu/share/../include/  -DHAVE_BUILD_INFO -D__STDC_FORMAT_MACROS -DPTHREAD_STACK_MIN=16384  -Wformat -Wformat-security -Wstack-protector -fstack-protector-all  -Wno-deprecated-declarations -Wno-nonnull -fPIE -pipe -O1 -g -fwrapv -fno-strict-aliasing -Wno-builtin-declaration-mismatch -MT test/test_bitcoin-util_tests.o -MD -MP -MF test/.deps/test_bitcoin-util_tests.Tpo -c -o test/test_bitcoin-util_tests.o `test -f 'test/util_tests.cpp' || echo './'`test/util_tests.cpp
mv -f test/.deps/test_bitcoin-util_tests.Tpo test/.deps/test_bitcoin-util_tests.Po
/home/devl/Zero/depends/x86_64-unknown-linux-gnu/share/../native/bin/ccache g++ -m64 -std=c++11 -DHAVE_CONFIG_H -I. -I../src/config  -U_FORTIFY_SOURCE -D_FORTIFY_SOURCE=2 -I. -I./obj  -pthread -I/home/devl/Zero/depends/x86_64-unknown-linux-gnu/share/../include -I./leveldb/include -I./leveldb/helpers/memenv -I/home/devl/Zero/depends/x86_64-unknown-linux-gnu/include  -I/home/devl/Zero/depends/x86_64-unknown-linux-gnu/include  -I./secp256k1/include -I./univalue/include -I./test/  -I/home/devl/Zero/depends/x86_64-unknown-linux-gnu/include  -I/home/devl/Zero/depends/x86_64-unknown-linux-gnu/share/../include/  -DHAVE_BUILD_INFO -D__STDC_FORMAT_MACROS -DPTHREAD_STACK_MIN=16384  -Wformat -Wformat-security -Wstack-protector -fstack-protector-all  -Wno-deprecated-declarations -Wno-nonnull -fPIE -pipe -O1 -g -fwrapv -fno-strict-aliasing -Wno-builtin-declaration-mismatch -MT test/test_bitcoin-sha256compress_tests.o -MD -MP -MF test/.deps/test_bitcoin-sha256compress_tests.Tpo -c -o test/test_bitcoin-sha256compress_tests.o `test -f 'test/sha256compress_tests.cpp' || echo './'`test/sha256compress_tests.cpp
mv -f test/.deps/test_bitcoin-sha256compress_tests.Tpo test/.deps/test_bitcoin-sha256compress_tests.Po
/home/devl/Zero/depends/x86_64-unknown-linux-gnu/share/../native/bin/ccache g++ -m64 -std=c++11 -DHAVE_CONFIG_H -I. -I../src/config  -U_FORTIFY_SOURCE -D_FORTIFY_SOURCE=2 -I. -I./obj  -pthread -I/home/devl/Zero/depends/x86_64-unknown-linux-gnu/share/../include -I./leveldb/include -I./leveldb/helpers/memenv -I/home/devl/Zero/depends/x86_64-unknown-linux-gnu/include  -I/home/devl/Zero/depends/x86_64-unknown-linux-gnu/include  -I./secp256k1/include -I./univalue/include -I./test/  -I/home/devl/Zero/depends/x86_64-unknown-linux-gnu/include  -I/home/devl/Zero/depends/x86_64-unknown-linux-gnu/share/../include/  -DHAVE_BUILD_INFO -D__STDC_FORMAT_MACROS -DPTHREAD_STACK_MIN=16384  -Wformat -Wformat-security -Wstack-protector -fstack-protector-all  -Wno-deprecated-declarations -Wno-nonnull -fPIE -pipe -O1 -g -fwrapv -fno-strict-aliasing -Wno-builtin-declaration-mismatch -MT test/test_bitcoin-accounting_tests.o -MD -MP -MF test/.deps/test_bitcoin-accounting_tests.Tpo -c -o test/test_bitcoin-accounting_tests.o `test -f 'test/accounting_tests.cpp' || echo './'`test/accounting_tests.cpp
mv -f test/.deps/test_bitcoin-accounting_tests.Tpo test/.deps/test_bitcoin-accounting_tests.Po
/home/devl/Zero/depends/x86_64-unknown-linux-gnu/share/../native/bin/ccache g++ -m64 -std=c++11 -DHAVE_CONFIG_H -I. -I../src/config  -U_FORTIFY_SOURCE -D_FORTIFY_SOURCE=2 -I. -I./obj  -pthread -I/home/devl/Zero/depends/x86_64-unknown-linux-gnu/share/../include -I./leveldb/include -I./leveldb/helpers/memenv -I/home/devl/Zero/depends/x86_64-unknown-linux-gnu/include  -I/home/devl/Zero/depends/x86_64-unknown-linux-gnu/include  -I./secp256k1/include -I./univalue/include -I./test/  -I/home/devl/Zero/depends/x86_64-unknown-linux-gnu/include  -I/home/devl/Zero/depends/x86_64-unknown-linux-gnu/share/../include/  -DHAVE_BUILD_INFO -D__STDC_FORMAT_MACROS -DPTHREAD_STACK_MIN=16384  -Wformat -Wformat-security -Wstack-protector -fstack-protector-all  -Wno-deprecated-declarations -Wno-nonnull -fPIE -pipe -O1 -g -fwrapv -fno-strict-aliasing -Wno-builtin-declaration-mismatch -MT wallet/test/test_test_bitcoin-wallet_tests.o -MD -MP -MF wallet/test/.deps/test_test_bitcoin-wallet_tests.Tpo -c -o wallet/test/test_test_bitcoin-wallet_tests.o `test -f 'wallet/test/wallet_tests.cpp' || echo './'`wallet/test/wallet_tests.cpp
mv -f wallet/test/.deps/test_test_bitcoin-wallet_tests.Tpo wallet/test/.deps/test_test_bitcoin-wallet_tests.Po
/home/devl/Zero/depends/x86_64-unknown-linux-gnu/share/../native/bin/ccache g++ -m64 -std=c++11 -DHAVE_CONFIG_H -I. -I../src/config  -U_FORTIFY_SOURCE -D_FORTIFY_SOURCE=2 -I. -I./obj  -pthread -I/home/devl/Zero/depends/x86_64-unknown-linux-gnu/share/../include -I./leveldb/include -I./leveldb/helpers/memenv -I/home/devl/Zero/depends/x86_64-unknown-linux-gnu/include  -I/home/devl/Zero/depends/x86_64-unknown-linux-gnu/include  -I./secp256k1/include -I./univalue/include -I./test/  -I/home/devl/Zero/depends/x86_64-unknown-linux-gnu/include  -I/home/devl/Zero/depends/x86_64-unknown-linux-gnu/share/../include/  -DHAVE_BUILD_INFO -D__STDC_FORMAT_MACROS -DPTHREAD_STACK_MIN=16384  -Wformat -Wformat-security -Wstack-protector -fstack-protector-all  -Wno-deprecated-declarations -Wno-nonnull -fPIE -pipe -O1 -g -fwrapv -fno-strict-aliasing -Wno-builtin-declaration-mismatch -MT test/test_bitcoin-rpc_wallet_tests.o -MD -MP -MF test/.deps/test_bitcoin-rpc_wallet_tests.Tpo -c -o test/test_bitcoin-rpc_wallet_tests.o `test -f 'test/rpc_wallet_tests.cpp' || echo './'`test/rpc_wallet_tests.cpp
mv -f test/.deps/test_bitcoin-rpc_wallet_tests.Tpo test/.deps/test_bitcoin-rpc_wallet_tests.Po
/bin/bash ../libtool  --tag=CXX   --mode=link /home/devl/Zero/depends/x86_64-unknown-linux-gnu/share/../native/bin/ccache g++ -m64 -std=c++11  -Wformat -Wformat-security -Wstack-protector -fstack-protector-all  -Wno-deprecated-declarations -Wno-nonnull -fPIE -pipe -O1 -g -fwrapv -fno-strict-aliasing -Wno-builtin-declaration-mismatch  -pthread   -Wl,-z,relro -Wl,-z,now -pie  -static -L/home/devl/Zero/depends/x86_64-unknown-linux-gnu/share/../lib  -o test/test_bitcoin test/test_bitcoin-arith_uint256_tests.o test/test_bitcoin-addrman_tests.o test/test_bitcoin-alert_tests.o test/test_bitcoin-allocator_tests.o test/test_bitcoin-base32_tests.o test/test_bitcoin-base64_tests.o test/test_bitcoin-bech32_tests.o test/test_bitcoin-bip32_tests.o test/test_bitcoin-bloom_tests.o test/test_bitcoin-checkblock_tests.o test/test_bitcoin-Checkpoints_tests.o test/test_bitcoin-coins_tests.o test/test_bitcoin-compress_tests.o test/test_bitcoin-convertbits_tests.o test/test_bitcoin-crypto_tests.o test/test_bitcoin-DoS_tests.o test/test_bitcoin-equihash_tests.o test/test_bitcoin-getarg_tests.o test/test_bitcoin-hash_tests.o test/test_bitcoin-key_tests.o test/test_bitcoin-dbwrapper_tests.o test/test_bitcoin-main_tests.o test/test_bitcoin-mempool_tests.o test/test_bitcoin-miner_tests.o test/test_bitcoin-mruset_tests.o test/test_bitcoin-multisig_tests.o test/test_bitcoin-netbase_tests.o test/test_bitcoin-pmt_tests.o test/test_bitcoin-policyestimator_tests.o test/test_bitcoin-pow_tests.o test/test_bitcoin-prevector_tests.o test/test_bitcoin-raii_event_tests.o test/test_bitcoin-reverselock_tests.o test/test_bitcoin-rpc_tests.o test/test_bitcoin-sanity_tests.o test/test_bitcoin-scheduler_tests.o test/test_bitcoin-script_P2SH_tests.o test/test_bitcoin-script_P2PKH_tests.o test/test_bitcoin-scriptnum_tests.o test/test_bitcoin-serialize_tests.o test/test_bitcoin-sigopcount_tests.o test/test_bitcoin-skiplist_tests.o test/test_bitcoin-test_bitcoin.o test/test_bitcoin-timedata_tests.o test/test_bitcoin-torcontrol_tests.o test/test_bitcoin-uint256_tests.o test/test_bitcoin-univalue_tests.o test/test_bitcoin-util_tests.o test/test_bitcoin-sha256compress_tests.o test/test_bitcoin-accounting_tests.o wallet/test/test_test_bitcoin-wallet_tests.o test/test_bitcoin-rpc_wallet_tests.o     libbitcoin_server.a libbitcoin_cli.a libbitcoin_common.a libbitcoin_util.a crypto/libbitcoin_crypto.a univalue/libunivalue.la ./leveldb/libleveldb.a ./leveldb/libmemenv.a -L/home/devl/Zero/depends/x86_64-unknown-linux-gnu/share/../lib -lboost_system -lboost_filesystem -lboost_program_options -lboost_thread -lboost_chrono -lboost_unit_test_framework secp256k1/libsecp256k1.la -L/home/devl/Zero/depends/x86_64-unknown-linux-gnu/lib -levent  -L/home/devl/Zero/depends/x86_64-unknown-linux-gnu/lib -levent_pthreads -levent  libbitcoin_wallet.a  -ldb_cxx-6.2 -L/home/devl/Zero/depends/x86_64-unknown-linux-gnu/lib -lssl -L/home/devl/Zero/depends/x86_64-unknown-linux-gnu/lib -lcrypto -ldl -pthread  -L/home/devl/Zero/depends/x86_64-unknown-linux-gnu/lib -lcrypto -ldl -pthread  libzcash.a -lboost_system -lcrypto -lsodium -lrustzcash -ldl -L/home/devl/Zero/depends/x86_64-unknown-linux-gnu/lib -lzmq -lstdc++ -lpthread -lrt   
libtool: link: /home/devl/Zero/depends/x86_64-unknown-linux-gnu/share/../native/bin/ccache g++ -m64 -std=c++11 -Wformat -Wformat-security -Wstack-protector -fstack-protector-all -Wno-deprecated-declarations -Wno-nonnull -fPIE -pipe -O1 -g -fwrapv -fno-strict-aliasing -Wno-builtin-declaration-mismatch -Wl,-z -Wl,relro -Wl,-z -Wl,now -pie -o test/test_bitcoin test/test_bitcoin-arith_uint256_tests.o test/test_bitcoin-addrman_tests.o test/test_bitcoin-alert_tests.o test/test_bitcoin-allocator_tests.o test/test_bitcoin-base32_tests.o test/test_bitcoin-base64_tests.o test/test_bitcoin-bech32_tests.o test/test_bitcoin-bip32_tests.o test/test_bitcoin-bloom_tests.o test/test_bitcoin-checkblock_tests.o test/test_bitcoin-Checkpoints_tests.o test/test_bitcoin-coins_tests.o test/test_bitcoin-compress_tests.o test/test_bitcoin-convertbits_tests.o test/test_bitcoin-crypto_tests.o test/test_bitcoin-DoS_tests.o test/test_bitcoin-equihash_tests.o test/test_bitcoin-getarg_tests.o test/test_bitcoin-hash_tests.o test/test_bitcoin-key_tests.o test/test_bitcoin-dbwrapper_tests.o test/test_bitcoin-main_tests.o test/test_bitcoin-mempool_tests.o test/test_bitcoin-miner_tests.o test/test_bitcoin-mruset_tests.o test/test_bitcoin-multisig_tests.o test/test_bitcoin-netbase_tests.o test/test_bitcoin-pmt_tests.o test/test_bitcoin-policyestimator_tests.o test/test_bitcoin-pow_tests.o test/test_bitcoin-prevector_tests.o test/test_bitcoin-raii_event_tests.o test/test_bitcoin-reverselock_tests.o test/test_bitcoin-rpc_tests.o test/test_bitcoin-sanity_tests.o test/test_bitcoin-scheduler_tests.o test/test_bitcoin-script_P2SH_tests.o test/test_bitcoin-script_P2PKH_tests.o test/test_bitcoin-scriptnum_tests.o test/test_bitcoin-serialize_tests.o test/test_bitcoin-sigopcount_tests.o test/test_bitcoin-skiplist_tests.o test/test_bitcoin-test_bitcoin.o test/test_bitcoin-timedata_tests.o test/test_bitcoin-torcontrol_tests.o test/test_bitcoin-uint256_tests.o test/test_bitcoin-univalue_tests.o test/test_bitcoin-util_tests.o test/test_bitcoin-sha256compress_tests.o test/test_bitcoin-accounting_tests.o wallet/test/test_test_bitcoin-wallet_tests.o test/test_bitcoin-rpc_wallet_tests.o  -L/home/devl/Zero/depends/x86_64-unknown-linux-gnu/share/../lib libbitcoin_server.a libbitcoin_cli.a libbitcoin_common.a libbitcoin_util.a crypto/libbitcoin_crypto.a univalue/.libs/libunivalue.a ./leveldb/libleveldb.a ./leveldb/libmemenv.a -lboost_filesystem -lboost_program_options -lboost_thread -lboost_chrono -lboost_unit_test_framework secp256k1/.libs/libsecp256k1.a -L/home/devl/Zero/depends/x86_64-unknown-linux-gnu/lib /home/devl/Zero/depends/x86_64-unknown-linux-gnu/lib/libevent_pthreads.a /home/devl/Zero/depends/x86_64-unknown-linux-gnu/lib/libevent.a libbitcoin_wallet.a -ldb_cxx-6.2 -lssl libzcash.a -lboost_system -lcrypto /home/devl/Zero/depends/x86_64-unknown-linux-gnu/lib/libsodium.a -lrustzcash -ldl /home/devl/Zero/depends/x86_64-unknown-linux-gnu/lib/libzmq.a -lstdc++ -lpthread -lrt -pthread
/home/devl/Zero/depends/x86_64-unknown-linux-gnu/share/../native/bin/ccache g++ -m64 -std=c++11 -DHAVE_CONFIG_H -I. -I../src/config  -U_FORTIFY_SOURCE -D_FORTIFY_SOURCE=2 -DBINARY_OUTPUT -DCURVE_ALT_BN128 -DSTATIC -I. -I./obj  -pthread -I/home/devl/Zero/depends/x86_64-unknown-linux-gnu/share/../include -I./leveldb/include -I./leveldb/helpers/memenv -I/home/devl/Zero/depends/x86_64-unknown-linux-gnu/include  -I/home/devl/Zero/depends/x86_64-unknown-linux-gnu/include  -I./secp256k1/include -I./univalue/include -I/home/devl/Zero/depends/x86_64-unknown-linux-gnu/share/../include/  -DHAVE_BUILD_INFO -D__STDC_FORMAT_MACROS -DPTHREAD_STACK_MIN=16384  -Wformat -Wformat-security -Wstack-protector -fstack-protector-all  -Wno-deprecated-declarations -Wno-nonnull -fPIE -pipe -O1 -g -fwrapv -fno-strict-aliasing -Wno-builtin-declaration-mismatch -MT gtest/zero_gtest-main.o -MD -MP -MF gtest/.deps/zero_gtest-main.Tpo -c -o gtest/zero_gtest-main.o `test -f 'gtest/main.cpp' || echo './'`gtest/main.cpp
mv -f gtest/.deps/zero_gtest-main.Tpo gtest/.deps/zero_gtest-main.Po
/home/devl/Zero/depends/x86_64-unknown-linux-gnu/share/../native/bin/ccache g++ -m64 -std=c++11 -DHAVE_CONFIG_H -I. -I../src/config  -U_FORTIFY_SOURCE -D_FORTIFY_SOURCE=2 -DBINARY_OUTPUT -DCURVE_ALT_BN128 -DSTATIC -I. -I./obj  -pthread -I/home/devl/Zero/depends/x86_64-unknown-linux-gnu/share/../include -I./leveldb/include -I./leveldb/helpers/memenv -I/home/devl/Zero/depends/x86_64-unknown-linux-gnu/include  -I/home/devl/Zero/depends/x86_64-unknown-linux-gnu/include  -I./secp256k1/include -I./univalue/include -I/home/devl/Zero/depends/x86_64-unknown-linux-gnu/share/../include/  -DHAVE_BUILD_INFO -D__STDC_FORMAT_MACROS -DPTHREAD_STACK_MIN=16384  -Wformat -Wformat-security -Wstack-protector -fstack-protector-all  -Wno-deprecated-declarations -Wno-nonnull -fPIE -pipe -O1 -g -fwrapv -fno-strict-aliasing -Wno-builtin-declaration-mismatch -MT gtest/zero_gtest-utils.o -MD -MP -MF gtest/.deps/zero_gtest-utils.Tpo -c -o gtest/zero_gtest-utils.o `test -f 'gtest/utils.cpp' || echo './'`gtest/utils.cpp
mv -f gtest/.deps/zero_gtest-utils.Tpo gtest/.deps/zero_gtest-utils.Po
/home/devl/Zero/depends/x86_64-unknown-linux-gnu/share/../native/bin/ccache g++ -m64 -std=c++11 -DHAVE_CONFIG_H -I. -I../src/config  -U_FORTIFY_SOURCE -D_FORTIFY_SOURCE=2 -DBINARY_OUTPUT -DCURVE_ALT_BN128 -DSTATIC -I. -I./obj  -pthread -I/home/devl/Zero/depends/x86_64-unknown-linux-gnu/share/../include -I./leveldb/include -I./leveldb/helpers/memenv -I/home/devl/Zero/depends/x86_64-unknown-linux-gnu/include  -I/home/devl/Zero/depends/x86_64-unknown-linux-gnu/include  -I./secp256k1/include -I./univalue/include -I/home/devl/Zero/depends/x86_64-unknown-linux-gnu/share/../include/  -DHAVE_BUILD_INFO -D__STDC_FORMAT_MACROS -DPTHREAD_STACK_MIN=16384  -Wformat -Wformat-security -Wstack-protector -fstack-protector-all  -Wno-deprecated-declarations -Wno-nonnull -fPIE -pipe -O1 -g -fwrapv -fno-strict-aliasing -Wno-builtin-declaration-mismatch -MT gtest/zero_gtest-test_checktransaction.o -MD -MP -MF gtest/.deps/zero_gtest-test_checktransaction.Tpo -c -o gtest/zero_gtest-test_checktransaction.o `test -f 'gtest/test_checktransaction.cpp' || echo './'`gtest/test_checktransaction.cpp
mv -f gtest/.deps/zero_gtest-test_checktransaction.Tpo gtest/.deps/zero_gtest-test_checktransaction.Po
/home/devl/Zero/depends/x86_64-unknown-linux-gnu/share/../native/bin/ccache g++ -m64 -std=c++11 -DHAVE_CONFIG_H -I. -I../src/config  -U_FORTIFY_SOURCE -D_FORTIFY_SOURCE=2 -DBINARY_OUTPUT -DCURVE_ALT_BN128 -DSTATIC -I. -I./obj  -pthread -I/home/devl/Zero/depends/x86_64-unknown-linux-gnu/share/../include -I./leveldb/include -I./leveldb/helpers/memenv -I/home/devl/Zero/depends/x86_64-unknown-linux-gnu/include  -I/home/devl/Zero/depends/x86_64-unknown-linux-gnu/include  -I./secp256k1/include -I./univalue/include -I/home/devl/Zero/depends/x86_64-unknown-linux-gnu/share/../include/  -DHAVE_BUILD_INFO -D__STDC_FORMAT_MACROS -DPTHREAD_STACK_MIN=16384  -Wformat -Wformat-security -Wstack-protector -fstack-protector-all  -Wno-deprecated-declarations -Wno-nonnull -fPIE -pipe -O1 -g -fwrapv -fno-strict-aliasing -Wno-builtin-declaration-mismatch -MT gtest/zero_gtest-json_test_vectors.o -MD -MP -MF gtest/.deps/zero_gtest-json_test_vectors.Tpo -c -o gtest/zero_gtest-json_test_vectors.o `test -f 'gtest/json_test_vectors.cpp' || echo './'`gtest/json_test_vectors.cpp
mv -f gtest/.deps/zero_gtest-json_test_vectors.Tpo gtest/.deps/zero_gtest-json_test_vectors.Po
/home/devl/Zero/depends/x86_64-unknown-linux-gnu/share/../native/bin/ccache g++ -m64 -std=c++11 -DHAVE_CONFIG_H -I. -I../src/config  -U_FORTIFY_SOURCE -D_FORTIFY_SOURCE=2 -DBINARY_OUTPUT -DCURVE_ALT_BN128 -DSTATIC -I. -I./obj  -pthread -I/home/devl/Zero/depends/x86_64-unknown-linux-gnu/share/../include -I./leveldb/include -I./leveldb/helpers/memenv -I/home/devl/Zero/depends/x86_64-unknown-linux-gnu/include  -I/home/devl/Zero/depends/x86_64-unknown-linux-gnu/include  -I./secp256k1/include -I./univalue/include -I/home/devl/Zero/depends/x86_64-unknown-linux-gnu/share/../include/  -DHAVE_BUILD_INFO -D__STDC_FORMAT_MACROS -DPTHREAD_STACK_MIN=16384  -Wformat -Wformat-security -Wstack-protector -fstack-protector-all  -Wno-deprecated-declarations -Wno-nonnull -fPIE -pipe -O1 -g -fwrapv -fno-strict-aliasing -Wno-builtin-declaration-mismatch -MT gtest/zero_gtest-test_foundersreward.o -MD -MP -MF gtest/.deps/zero_gtest-test_foundersreward.Tpo -c -o gtest/zero_gtest-test_foundersreward.o `test -f 'gtest/test_foundersreward.cpp' || echo './'`gtest/test_foundersreward.cpp
mv -f gtest/.deps/zero_gtest-test_foundersreward.Tpo gtest/.deps/zero_gtest-test_foundersreward.Po
/home/devl/Zero/depends/x86_64-unknown-linux-gnu/share/../native/bin/ccache g++ -m64 -std=c++11 -DHAVE_CONFIG_H -I. -I../src/config  -U_FORTIFY_SOURCE -D_FORTIFY_SOURCE=2 -DBINARY_OUTPUT -DCURVE_ALT_BN128 -DSTATIC -I. -I./obj  -pthread -I/home/devl/Zero/depends/x86_64-unknown-linux-gnu/share/../include -I./leveldb/include -I./leveldb/helpers/memenv -I/home/devl/Zero/depends/x86_64-unknown-linux-gnu/include  -I/home/devl/Zero/depends/x86_64-unknown-linux-gnu/include  -I./secp256k1/include -I./univalue/include -I/home/devl/Zero/depends/x86_64-unknown-linux-gnu/share/../include/  -DHAVE_BUILD_INFO -D__STDC_FORMAT_MACROS -DPTHREAD_STACK_MIN=16384  -Wformat -Wformat-security -Wstack-protector -fstack-protector-all  -Wno-deprecated-declarations -Wno-nonnull -fPIE -pipe -O1 -g -fwrapv -fno-strict-aliasing -Wno-builtin-declaration-mismatch -MT wallet/gtest/zero_gtest-test_wallet_zkeys.o -MD -MP -MF wallet/gtest/.deps/zero_gtest-test_wallet_zkeys.Tpo -c -o wallet/gtest/zero_gtest-test_wallet_zkeys.o `test -f 'wallet/gtest/test_wallet_zkeys.cpp' || echo './'`wallet/gtest/test_wallet_zkeys.cpp
mv -f wallet/gtest/.deps/zero_gtest-test_wallet_zkeys.Tpo wallet/gtest/.deps/zero_gtest-test_wallet_zkeys.Po
/home/devl/Zero/depends/x86_64-unknown-linux-gnu/share/../native/bin/ccache g++ -m64 -std=c++11 -DHAVE_CONFIG_H -I. -I../src/config  -U_FORTIFY_SOURCE -D_FORTIFY_SOURCE=2 -DBINARY_OUTPUT -DCURVE_ALT_BN128 -DSTATIC -I. -I./obj  -pthread -I/home/devl/Zero/depends/x86_64-unknown-linux-gnu/share/../include -I./leveldb/include -I./leveldb/helpers/memenv -I/home/devl/Zero/depends/x86_64-unknown-linux-gnu/include  -I/home/devl/Zero/depends/x86_64-unknown-linux-gnu/include  -I./secp256k1/include -I./univalue/include -I/home/devl/Zero/depends/x86_64-unknown-linux-gnu/share/../include/  -DHAVE_BUILD_INFO -D__STDC_FORMAT_MACROS -DPTHREAD_STACK_MIN=16384  -Wformat -Wformat-security -Wstack-protector -fstack-protector-all  -Wno-deprecated-declarations -Wno-nonnull -fPIE -pipe -O1 -g -fwrapv -fno-strict-aliasing -Wno-builtin-declaration-mismatch -MT gtest/zero_gtest-test_tautology.o -MD -MP -MF gtest/.deps/zero_gtest-test_tautology.Tpo -c -o gtest/zero_gtest-test_tautology.o `test -f 'gtest/test_tautology.cpp' || echo './'`gtest/test_tautology.cpp
mv -f gtest/.deps/zero_gtest-test_tautology.Tpo gtest/.deps/zero_gtest-test_tautology.Po
/home/devl/Zero/depends/x86_64-unknown-linux-gnu/share/../native/bin/ccache g++ -m64 -std=c++11 -DHAVE_CONFIG_H -I. -I../src/config  -U_FORTIFY_SOURCE -D_FORTIFY_SOURCE=2 -DBINARY_OUTPUT -DCURVE_ALT_BN128 -DSTATIC -I. -I./obj  -pthread -I/home/devl/Zero/depends/x86_64-unknown-linux-gnu/share/../include -I./leveldb/include -I./leveldb/helpers/memenv -I/home/devl/Zero/depends/x86_64-unknown-linux-gnu/include  -I/home/devl/Zero/depends/x86_64-unknown-linux-gnu/include  -I./secp256k1/include -I./univalue/include -I/home/devl/Zero/depends/x86_64-unknown-linux-gnu/share/../include/  -DHAVE_BUILD_INFO -D__STDC_FORMAT_MACROS -DPTHREAD_STACK_MIN=16384  -Wformat -Wformat-security -Wstack-protector -fstack-protector-all  -Wno-deprecated-declarations -Wno-nonnull -fPIE -pipe -O1 -g -fwrapv -fno-strict-aliasing -Wno-builtin-declaration-mismatch -MT gtest/zero_gtest-test_deprecation.o -MD -MP -MF gtest/.deps/zero_gtest-test_deprecation.Tpo -c -o gtest/zero_gtest-test_deprecation.o `test -f 'gtest/test_deprecation.cpp' || echo './'`gtest/test_deprecation.cpp
mv -f gtest/.deps/zero_gtest-test_deprecation.Tpo gtest/.deps/zero_gtest-test_deprecation.Po
/home/devl/Zero/depends/x86_64-unknown-linux-gnu/share/../native/bin/ccache g++ -m64 -std=c++11 -DHAVE_CONFIG_H -I. -I../src/config  -U_FORTIFY_SOURCE -D_FORTIFY_SOURCE=2 -DBINARY_OUTPUT -DCURVE_ALT_BN128 -DSTATIC -I. -I./obj  -pthread -I/home/devl/Zero/depends/x86_64-unknown-linux-gnu/share/../include -I./leveldb/include -I./leveldb/helpers/memenv -I/home/devl/Zero/depends/x86_64-unknown-linux-gnu/include  -I/home/devl/Zero/depends/x86_64-unknown-linux-gnu/include  -I./secp256k1/include -I./univalue/include -I/home/devl/Zero/depends/x86_64-unknown-linux-gnu/share/../include/  -DHAVE_BUILD_INFO -D__STDC_FORMAT_MACROS -DPTHREAD_STACK_MIN=16384  -Wformat -Wformat-security -Wstack-protector -fstack-protector-all  -Wno-deprecated-declarations -Wno-nonnull -fPIE -pipe -O1 -g -fwrapv -fno-strict-aliasing -Wno-builtin-declaration-mismatch -MT gtest/zero_gtest-test_equihash.o -MD -MP -MF gtest/.deps/zero_gtest-test_equihash.Tpo -c -o gtest/zero_gtest-test_equihash.o `test -f 'gtest/test_equihash.cpp' || echo './'`gtest/test_equihash.cpp
mv -f gtest/.deps/zero_gtest-test_equihash.Tpo gtest/.deps/zero_gtest-test_equihash.Po
/home/devl/Zero/depends/x86_64-unknown-linux-gnu/share/../native/bin/ccache g++ -m64 -std=c++11 -DHAVE_CONFIG_H -I. -I../src/config  -U_FORTIFY_SOURCE -D_FORTIFY_SOURCE=2 -DBINARY_OUTPUT -DCURVE_ALT_BN128 -DSTATIC -I. -I./obj  -pthread -I/home/devl/Zero/depends/x86_64-unknown-linux-gnu/share/../include -I./leveldb/include -I./leveldb/helpers/memenv -I/home/devl/Zero/depends/x86_64-unknown-linux-gnu/include  -I/home/devl/Zero/depends/x86_64-unknown-linux-gnu/include  -I./secp256k1/include -I./univalue/include -I/home/devl/Zero/depends/x86_64-unknown-linux-gnu/share/../include/  -DHAVE_BUILD_INFO -D__STDC_FORMAT_MACROS -DPTHREAD_STACK_MIN=16384  -Wformat -Wformat-security -Wstack-protector -fstack-protector-all  -Wno-deprecated-declarations -Wno-nonnull -fPIE -pipe -O1 -g -fwrapv -fno-strict-aliasing -Wno-builtin-declaration-mismatch -MT gtest/zero_gtest-test_httprpc.o -MD -MP -MF gtest/.deps/zero_gtest-test_httprpc.Tpo -c -o gtest/zero_gtest-test_httprpc.o `test -f 'gtest/test_httprpc.cpp' || echo './'`gtest/test_httprpc.cpp
mv -f gtest/.deps/zero_gtest-test_httprpc.Tpo gtest/.deps/zero_gtest-test_httprpc.Po
/home/devl/Zero/depends/x86_64-unknown-linux-gnu/share/../native/bin/ccache g++ -m64 -std=c++11 -DHAVE_CONFIG_H -I. -I../src/config  -U_FORTIFY_SOURCE -D_FORTIFY_SOURCE=2 -DBINARY_OUTPUT -DCURVE_ALT_BN128 -DSTATIC -I. -I./obj  -pthread -I/home/devl/Zero/depends/x86_64-unknown-linux-gnu/share/../include -I./leveldb/include -I./leveldb/helpers/memenv -I/home/devl/Zero/depends/x86_64-unknown-linux-gnu/include  -I/home/devl/Zero/depends/x86_64-unknown-linux-gnu/include  -I./secp256k1/include -I./univalue/include -I/home/devl/Zero/depends/x86_64-unknown-linux-gnu/share/../include/  -DHAVE_BUILD_INFO -D__STDC_FORMAT_MACROS -DPTHREAD_STACK_MIN=16384  -Wformat -Wformat-security -Wstack-protector -fstack-protector-all  -Wno-deprecated-declarations -Wno-nonnull -fPIE -pipe -O1 -g -fwrapv -fno-strict-aliasing -Wno-builtin-declaration-mismatch -MT gtest/zero_gtest-test_joinsplit.o -MD -MP -MF gtest/.deps/zero_gtest-test_joinsplit.Tpo -c -o gtest/zero_gtest-test_joinsplit.o `test -f 'gtest/test_joinsplit.cpp' || echo './'`gtest/test_joinsplit.cpp
mv -f gtest/.deps/zero_gtest-test_joinsplit.Tpo gtest/.deps/zero_gtest-test_joinsplit.Po
/home/devl/Zero/depends/x86_64-unknown-linux-gnu/share/../native/bin/ccache g++ -m64 -std=c++11 -DHAVE_CONFIG_H -I. -I../src/config  -U_FORTIFY_SOURCE -D_FORTIFY_SOURCE=2 -DBINARY_OUTPUT -DCURVE_ALT_BN128 -DSTATIC -I. -I./obj  -pthread -I/home/devl/Zero/depends/x86_64-unknown-linux-gnu/share/../include -I./leveldb/include -I./leveldb/helpers/memenv -I/home/devl/Zero/depends/x86_64-unknown-linux-gnu/include  -I/home/devl/Zero/depends/x86_64-unknown-linux-gnu/include  -I./secp256k1/include -I./univalue/include -I/home/devl/Zero/depends/x86_64-unknown-linux-gnu/share/../include/  -DHAVE_BUILD_INFO -D__STDC_FORMAT_MACROS -DPTHREAD_STACK_MIN=16384  -Wformat -Wformat-security -Wstack-protector -fstack-protector-all  -Wno-deprecated-declarations -Wno-nonnull -fPIE -pipe -O1 -g -fwrapv -fno-strict-aliasing -Wno-builtin-declaration-mismatch -MT gtest/zero_gtest-test_keys.o -MD -MP -MF gtest/.deps/zero_gtest-test_keys.Tpo -c -o gtest/zero_gtest-test_keys.o `test -f 'gtest/test_keys.cpp' || echo './'`gtest/test_keys.cpp
mv -f gtest/.deps/zero_gtest-test_keys.Tpo gtest/.deps/zero_gtest-test_keys.Po
/home/devl/Zero/depends/x86_64-unknown-linux-gnu/share/../native/bin/ccache g++ -m64 -std=c++11 -DHAVE_CONFIG_H -I. -I../src/config  -U_FORTIFY_SOURCE -D_FORTIFY_SOURCE=2 -DBINARY_OUTPUT -DCURVE_ALT_BN128 -DSTATIC -I. -I./obj  -pthread -I/home/devl/Zero/depends/x86_64-unknown-linux-gnu/share/../include -I./leveldb/include -I./leveldb/helpers/memenv -I/home/devl/Zero/depends/x86_64-unknown-linux-gnu/include  -I/home/devl/Zero/depends/x86_64-unknown-linux-gnu/include  -I./secp256k1/include -I./univalue/include -I/home/devl/Zero/depends/x86_64-unknown-linux-gnu/share/../include/  -DHAVE_BUILD_INFO -D__STDC_FORMAT_MACROS -DPTHREAD_STACK_MIN=16384  -Wformat -Wformat-security -Wstack-protector -fstack-protector-all  -Wno-deprecated-declarations -Wno-nonnull -fPIE -pipe -O1 -g -fwrapv -fno-strict-aliasing -Wno-builtin-declaration-mismatch -MT gtest/zero_gtest-test_keystore.o -MD -MP -MF gtest/.deps/zero_gtest-test_keystore.Tpo -c -o gtest/zero_gtest-test_keystore.o `test -f 'gtest/test_keystore.cpp' || echo './'`gtest/test_keystore.cpp
mv -f gtest/.deps/zero_gtest-test_keystore.Tpo gtest/.deps/zero_gtest-test_keystore.Po
/home/devl/Zero/depends/x86_64-unknown-linux-gnu/share/../native/bin/ccache g++ -m64 -std=c++11 -DHAVE_CONFIG_H -I. -I../src/config  -U_FORTIFY_SOURCE -D_FORTIFY_SOURCE=2 -DBINARY_OUTPUT -DCURVE_ALT_BN128 -DSTATIC -I. -I./obj  -pthread -I/home/devl/Zero/depends/x86_64-unknown-linux-gnu/share/../include -I./leveldb/include -I./leveldb/helpers/memenv -I/home/devl/Zero/depends/x86_64-unknown-linux-gnu/include  -I/home/devl/Zero/depends/x86_64-unknown-linux-gnu/include  -I./secp256k1/include -I./univalue/include -I/home/devl/Zero/depends/x86_64-unknown-linux-gnu/share/../include/  -DHAVE_BUILD_INFO -D__STDC_FORMAT_MACROS -DPTHREAD_STACK_MIN=16384  -Wformat -Wformat-security -Wstack-protector -fstack-protector-all  -Wno-deprecated-declarations -Wno-nonnull -fPIE -pipe -O1 -g -fwrapv -fno-strict-aliasing -Wno-builtin-declaration-mismatch -MT gtest/zero_gtest-test_noteencryption.o -MD -MP -MF gtest/.deps/zero_gtest-test_noteencryption.Tpo -c -o gtest/zero_gtest-test_noteencryption.o `test -f 'gtest/test_noteencryption.cpp' || echo './'`gtest/test_noteencryption.cpp
mv -f gtest/.deps/zero_gtest-test_noteencryption.Tpo gtest/.deps/zero_gtest-test_noteencryption.Po
/home/devl/Zero/depends/x86_64-unknown-linux-gnu/share/../native/bin/ccache g++ -m64 -std=c++11 -DHAVE_CONFIG_H -I. -I../src/config  -U_FORTIFY_SOURCE -D_FORTIFY_SOURCE=2 -DBINARY_OUTPUT -DCURVE_ALT_BN128 -DSTATIC -I. -I./obj  -pthread -I/home/devl/Zero/depends/x86_64-unknown-linux-gnu/share/../include -I./leveldb/include -I./leveldb/helpers/memenv -I/home/devl/Zero/depends/x86_64-unknown-linux-gnu/include  -I/home/devl/Zero/depends/x86_64-unknown-linux-gnu/include  -I./secp256k1/include -I./univalue/include -I/home/devl/Zero/depends/x86_64-unknown-linux-gnu/share/../include/  -DHAVE_BUILD_INFO -D__STDC_FORMAT_MACROS -DPTHREAD_STACK_MIN=16384  -Wformat -Wformat-security -Wstack-protector -fstack-protector-all  -Wno-deprecated-declarations -Wno-nonnull -fPIE -pipe -O1 -g -fwrapv -fno-strict-aliasing -Wno-builtin-declaration-mismatch -MT gtest/zero_gtest-test_mempool.o -MD -MP -MF gtest/.deps/zero_gtest-test_mempool.Tpo -c -o gtest/zero_gtest-test_mempool.o `test -f 'gtest/test_mempool.cpp' || echo './'`gtest/test_mempool.cpp
mv -f gtest/.deps/zero_gtest-test_mempool.Tpo gtest/.deps/zero_gtest-test_mempool.Po
/home/devl/Zero/depends/x86_64-unknown-linux-gnu/share/../native/bin/ccache g++ -m64 -std=c++11 -DHAVE_CONFIG_H -I. -I../src/config  -U_FORTIFY_SOURCE -D_FORTIFY_SOURCE=2 -DBINARY_OUTPUT -DCURVE_ALT_BN128 -DSTATIC -I. -I./obj  -pthread -I/home/devl/Zero/depends/x86_64-unknown-linux-gnu/share/../include -I./leveldb/include -I./leveldb/helpers/memenv -I/home/devl/Zero/depends/x86_64-unknown-linux-gnu/include  -I/home/devl/Zero/depends/x86_64-unknown-linux-gnu/include  -I./secp256k1/include -I./univalue/include -I/home/devl/Zero/depends/x86_64-unknown-linux-gnu/share/../include/  -DHAVE_BUILD_INFO -D__STDC_FORMAT_MACROS -DPTHREAD_STACK_MIN=16384  -Wformat -Wformat-security -Wstack-protector -fstack-protector-all  -Wno-deprecated-declarations -Wno-nonnull -fPIE -pipe -O1 -g -fwrapv -fno-strict-aliasing -Wno-builtin-declaration-mismatch -MT gtest/zero_gtest-test_mempoollimit.o -MD -MP -MF gtest/.deps/zero_gtest-test_mempoollimit.Tpo -c -o gtest/zero_gtest-test_mempoollimit.o `test -f 'gtest/test_mempoollimit.cpp' || echo './'`gtest/test_mempoollimit.cpp
mv -f gtest/.deps/zero_gtest-test_mempoollimit.Tpo gtest/.deps/zero_gtest-test_mempoollimit.Po
/home/devl/Zero/depends/x86_64-unknown-linux-gnu/share/../native/bin/ccache g++ -m64 -std=c++11 -DHAVE_CONFIG_H -I. -I../src/config  -U_FORTIFY_SOURCE -D_FORTIFY_SOURCE=2 -DBINARY_OUTPUT -DCURVE_ALT_BN128 -DSTATIC -I. -I./obj  -pthread -I/home/devl/Zero/depends/x86_64-unknown-linux-gnu/share/../include -I./leveldb/include -I./leveldb/helpers/memenv -I/home/devl/Zero/depends/x86_64-unknown-linux-gnu/include  -I/home/devl/Zero/depends/x86_64-unknown-linux-gnu/include  -I./secp256k1/include -I./univalue/include -I/home/devl/Zero/depends/x86_64-unknown-linux-gnu/share/../include/  -DHAVE_BUILD_INFO -D__STDC_FORMAT_MACROS -DPTHREAD_STACK_MIN=16384  -Wformat -Wformat-security -Wstack-protector -fstack-protector-all  -Wno-deprecated-declarations -Wno-nonnull -fPIE -pipe -O1 -g -fwrapv -fno-strict-aliasing -Wno-builtin-declaration-mismatch -MT gtest/zero_gtest-test_merkletree.o -MD -MP -MF gtest/.deps/zero_gtest-test_merkletree.Tpo -c -o gtest/zero_gtest-test_merkletree.o `test -f 'gtest/test_merkletree.cpp' || echo './'`gtest/test_merkletree.cpp
mv -f gtest/.deps/zero_gtest-test_merkletree.Tpo gtest/.deps/zero_gtest-test_merkletree.Po
/home/devl/Zero/depends/x86_64-unknown-linux-gnu/share/../native/bin/ccache g++ -m64 -std=c++11 -DHAVE_CONFIG_H -I. -I../src/config  -U_FORTIFY_SOURCE -D_FORTIFY_SOURCE=2 -DBINARY_OUTPUT -DCURVE_ALT_BN128 -DSTATIC -I. -I./obj  -pthread -I/home/devl/Zero/depends/x86_64-unknown-linux-gnu/share/../include -I./leveldb/include -I./leveldb/helpers/memenv -I/home/devl/Zero/depends/x86_64-unknown-linux-gnu/include  -I/home/devl/Zero/depends/x86_64-unknown-linux-gnu/include  -I./secp256k1/include -I./univalue/include -I/home/devl/Zero/depends/x86_64-unknown-linux-gnu/share/../include/  -DHAVE_BUILD_INFO -D__STDC_FORMAT_MACROS -DPTHREAD_STACK_MIN=16384  -Wformat -Wformat-security -Wstack-protector -fstack-protector-all  -Wno-deprecated-declarations -Wno-nonnull -fPIE -pipe -O1 -g -fwrapv -fno-strict-aliasing -Wno-builtin-declaration-mismatch -MT gtest/zero_gtest-test_metrics.o -MD -MP -MF gtest/.deps/zero_gtest-test_metrics.Tpo -c -o gtest/zero_gtest-test_metrics.o `test -f 'gtest/test_metrics.cpp' || echo './'`gtest/test_metrics.cpp
mv -f gtest/.deps/zero_gtest-test_metrics.Tpo gtest/.deps/zero_gtest-test_metrics.Po
/home/devl/Zero/depends/x86_64-unknown-linux-gnu/share/../native/bin/ccache g++ -m64 -std=c++11 -DHAVE_CONFIG_H -I. -I../src/config  -U_FORTIFY_SOURCE -D_FORTIFY_SOURCE=2 -DBINARY_OUTPUT -DCURVE_ALT_BN128 -DSTATIC -I. -I./obj  -pthread -I/home/devl/Zero/depends/x86_64-unknown-linux-gnu/share/../include -I./leveldb/include -I./leveldb/helpers/memenv -I/home/devl/Zero/depends/x86_64-unknown-linux-gnu/include  -I/home/devl/Zero/depends/x86_64-unknown-linux-gnu/include  -I./secp256k1/include -I./univalue/include -I/home/devl/Zero/depends/x86_64-unknown-linux-gnu/share/../include/  -DHAVE_BUILD_INFO -D__STDC_FORMAT_MACROS -DPTHREAD_STACK_MIN=16384  -Wformat -Wformat-security -Wstack-protector -fstack-protector-all  -Wno-deprecated-declarations -Wno-nonnull -fPIE -pipe -O1 -g -fwrapv -fno-strict-aliasing -Wno-builtin-declaration-mismatch -MT gtest/zero_gtest-test_miner.o -MD -MP -MF gtest/.deps/zero_gtest-test_miner.Tpo -c -o gtest/zero_gtest-test_miner.o `test -f 'gtest/test_miner.cpp' || echo './'`gtest/test_miner.cpp
mv -f gtest/.deps/zero_gtest-test_miner.Tpo gtest/.deps/zero_gtest-test_miner.Po
/home/devl/Zero/depends/x86_64-unknown-linux-gnu/share/../native/bin/ccache g++ -m64 -std=c++11 -DHAVE_CONFIG_H -I. -I../src/config  -U_FORTIFY_SOURCE -D_FORTIFY_SOURCE=2 -DBINARY_OUTPUT -DCURVE_ALT_BN128 -DSTATIC -I. -I./obj  -pthread -I/home/devl/Zero/depends/x86_64-unknown-linux-gnu/share/../include -I./leveldb/include -I./leveldb/helpers/memenv -I/home/devl/Zero/depends/x86_64-unknown-linux-gnu/include  -I/home/devl/Zero/depends/x86_64-unknown-linux-gnu/include  -I./secp256k1/include -I./univalue/include -I/home/devl/Zero/depends/x86_64-unknown-linux-gnu/share/../include/  -DHAVE_BUILD_INFO -D__STDC_FORMAT_MACROS -DPTHREAD_STACK_MIN=16384  -Wformat -Wformat-security -Wstack-protector -fstack-protector-all  -Wno-deprecated-declarations -Wno-nonnull -fPIE -pipe -O1 -g -fwrapv -fno-strict-aliasing -Wno-builtin-declaration-mismatch -MT gtest/zero_gtest-test_pow.o -MD -MP -MF gtest/.deps/zero_gtest-test_pow.Tpo -c -o gtest/zero_gtest-test_pow.o `test -f 'gtest/test_pow.cpp' || echo './'`gtest/test_pow.cpp
mv -f gtest/.deps/zero_gtest-test_pow.Tpo gtest/.deps/zero_gtest-test_pow.Po
/home/devl/Zero/depends/x86_64-unknown-linux-gnu/share/../native/bin/ccache g++ -m64 -std=c++11 -DHAVE_CONFIG_H -I. -I../src/config  -U_FORTIFY_SOURCE -D_FORTIFY_SOURCE=2 -DBINARY_OUTPUT -DCURVE_ALT_BN128 -DSTATIC -I. -I./obj  -pthread -I/home/devl/Zero/depends/x86_64-unknown-linux-gnu/share/../include -I./leveldb/include -I./leveldb/helpers/memenv -I/home/devl/Zero/depends/x86_64-unknown-linux-gnu/include  -I/home/devl/Zero/depends/x86_64-unknown-linux-gnu/include  -I./secp256k1/include -I./univalue/include -I/home/devl/Zero/depends/x86_64-unknown-linux-gnu/share/../include/  -DHAVE_BUILD_INFO -D__STDC_FORMAT_MACROS -DPTHREAD_STACK_MIN=16384  -Wformat -Wformat-security -Wstack-protector -fstack-protector-all  -Wno-deprecated-declarations -Wno-nonnull -fPIE -pipe -O1 -g -fwrapv -fno-strict-aliasing -Wno-builtin-declaration-mismatch -MT gtest/zero_gtest-test_random.o -MD -MP -MF gtest/.deps/zero_gtest-test_random.Tpo -c -o gtest/zero_gtest-test_random.o `test -f 'gtest/test_random.cpp' || echo './'`gtest/test_random.cpp
mv -f gtest/.deps/zero_gtest-test_random.Tpo gtest/.deps/zero_gtest-test_random.Po
/home/devl/Zero/depends/x86_64-unknown-linux-gnu/share/../native/bin/ccache g++ -m64 -std=c++11 -DHAVE_CONFIG_H -I. -I../src/config  -U_FORTIFY_SOURCE -D_FORTIFY_SOURCE=2 -DBINARY_OUTPUT -DCURVE_ALT_BN128 -DSTATIC -I. -I./obj  -pthread -I/home/devl/Zero/depends/x86_64-unknown-linux-gnu/share/../include -I./leveldb/include -I./leveldb/helpers/memenv -I/home/devl/Zero/depends/x86_64-unknown-linux-gnu/include  -I/home/devl/Zero/depends/x86_64-unknown-linux-gnu/include  -I./secp256k1/include -I./univalue/include -I/home/devl/Zero/depends/x86_64-unknown-linux-gnu/share/../include/  -DHAVE_BUILD_INFO -D__STDC_FORMAT_MACROS -DPTHREAD_STACK_MIN=16384  -Wformat -Wformat-security -Wstack-protector -fstack-protector-all  -Wno-deprecated-declarations -Wno-nonnull -fPIE -pipe -O1 -g -fwrapv -fno-strict-aliasing -Wno-builtin-declaration-mismatch -MT gtest/zero_gtest-test_rpc.o -MD -MP -MF gtest/.deps/zero_gtest-test_rpc.Tpo -c -o gtest/zero_gtest-test_rpc.o `test -f 'gtest/test_rpc.cpp' || echo './'`gtest/test_rpc.cpp
mv -f gtest/.deps/zero_gtest-test_rpc.Tpo gtest/.deps/zero_gtest-test_rpc.Po
/home/devl/Zero/depends/x86_64-unknown-linux-gnu/share/../native/bin/ccache g++ -m64 -std=c++11 -DHAVE_CONFIG_H -I. -I../src/config  -U_FORTIFY_SOURCE -D_FORTIFY_SOURCE=2 -DBINARY_OUTPUT -DCURVE_ALT_BN128 -DSTATIC -I. -I./obj  -pthread -I/home/devl/Zero/depends/x86_64-unknown-linux-gnu/share/../include -I./leveldb/include -I./leveldb/helpers/memenv -I/home/devl/Zero/depends/x86_64-unknown-linux-gnu/include  -I/home/devl/Zero/depends/x86_64-unknown-linux-gnu/include  -I./secp256k1/include -I./univalue/include -I/home/devl/Zero/depends/x86_64-unknown-linux-gnu/share/../include/  -DHAVE_BUILD_INFO -D__STDC_FORMAT_MACROS -DPTHREAD_STACK_MIN=16384  -Wformat -Wformat-security -Wstack-protector -fstack-protector-all  -Wno-deprecated-declarations -Wno-nonnull -fPIE -pipe -O1 -g -fwrapv -fno-strict-aliasing -Wno-builtin-declaration-mismatch -MT gtest/zero_gtest-test_sapling_note.o -MD -MP -MF gtest/.deps/zero_gtest-test_sapling_note.Tpo -c -o gtest/zero_gtest-test_sapling_note.o `test -f 'gtest/test_sapling_note.cpp' || echo './'`gtest/test_sapling_note.cpp
mv -f gtest/.deps/zero_gtest-test_sapling_note.Tpo gtest/.deps/zero_gtest-test_sapling_note.Po
/home/devl/Zero/depends/x86_64-unknown-linux-gnu/share/../native/bin/ccache g++ -m64 -std=c++11 -DHAVE_CONFIG_H -I. -I../src/config  -U_FORTIFY_SOURCE -D_FORTIFY_SOURCE=2 -DBINARY_OUTPUT -DCURVE_ALT_BN128 -DSTATIC -I. -I./obj  -pthread -I/home/devl/Zero/depends/x86_64-unknown-linux-gnu/share/../include -I./leveldb/include -I./leveldb/helpers/memenv -I/home/devl/Zero/depends/x86_64-unknown-linux-gnu/include  -I/home/devl/Zero/depends/x86_64-unknown-linux-gnu/include  -I./secp256k1/include -I./univalue/include -I/home/devl/Zero/depends/x86_64-unknown-linux-gnu/share/../include/  -DHAVE_BUILD_INFO -D__STDC_FORMAT_MACROS -DPTHREAD_STACK_MIN=16384  -Wformat -Wformat-security -Wstack-protector -fstack-protector-all  -Wno-deprecated-declarations -Wno-nonnull -fPIE -pipe -O1 -g -fwrapv -fno-strict-aliasing -Wno-builtin-declaration-mismatch -MT gtest/zero_gtest-test_transaction.o -MD -MP -MF gtest/.deps/zero_gtest-test_transaction.Tpo -c -o gtest/zero_gtest-test_transaction.o `test -f 'gtest/test_transaction.cpp' || echo './'`gtest/test_transaction.cpp
mv -f gtest/.deps/zero_gtest-test_transaction.Tpo gtest/.deps/zero_gtest-test_transaction.Po
/home/devl/Zero/depends/x86_64-unknown-linux-gnu/share/../native/bin/ccache g++ -m64 -std=c++11 -DHAVE_CONFIG_H -I. -I../src/config  -U_FORTIFY_SOURCE -D_FORTIFY_SOURCE=2 -DBINARY_OUTPUT -DCURVE_ALT_BN128 -DSTATIC -I. -I./obj  -pthread -I/home/devl/Zero/depends/x86_64-unknown-linux-gnu/share/../include -I./leveldb/include -I./leveldb/helpers/memenv -I/home/devl/Zero/depends/x86_64-unknown-linux-gnu/include  -I/home/devl/Zero/depends/x86_64-unknown-linux-gnu/include  -I./secp256k1/include -I./univalue/include -I/home/devl/Zero/depends/x86_64-unknown-linux-gnu/share/../include/  -DHAVE_BUILD_INFO -D__STDC_FORMAT_MACROS -DPTHREAD_STACK_MIN=16384  -Wformat -Wformat-security -Wstack-protector -fstack-protector-all  -Wno-deprecated-declarations -Wno-nonnull -fPIE -pipe -O1 -g -fwrapv -fno-strict-aliasing -Wno-builtin-declaration-mismatch -MT gtest/zero_gtest-test_transaction_builder.o -MD -MP -MF gtest/.deps/zero_gtest-test_transaction_builder.Tpo -c -o gtest/zero_gtest-test_transaction_builder.o `test -f 'gtest/test_transaction_builder.cpp' || echo './'`gtest/test_transaction_builder.cpp
mv -f gtest/.deps/zero_gtest-test_transaction_builder.Tpo gtest/.deps/zero_gtest-test_transaction_builder.Po
/home/devl/Zero/depends/x86_64-unknown-linux-gnu/share/../native/bin/ccache g++ -m64 -std=c++11 -DHAVE_CONFIG_H -I. -I../src/config  -U_FORTIFY_SOURCE -D_FORTIFY_SOURCE=2 -DBINARY_OUTPUT -DCURVE_ALT_BN128 -DSTATIC -I. -I./obj  -pthread -I/home/devl/Zero/depends/x86_64-unknown-linux-gnu/share/../include -I./leveldb/include -I./leveldb/helpers/memenv -I/home/devl/Zero/depends/x86_64-unknown-linux-gnu/include  -I/home/devl/Zero/depends/x86_64-unknown-linux-gnu/include  -I./secp256k1/include -I./univalue/include -I/home/devl/Zero/depends/x86_64-unknown-linux-gnu/share/../include/  -DHAVE_BUILD_INFO -D__STDC_FORMAT_MACROS -DPTHREAD_STACK_MIN=16384  -Wformat -Wformat-security -Wstack-protector -fstack-protector-all  -Wno-deprecated-declarations -Wno-nonnull -fPIE -pipe -O1 -g -fwrapv -fno-strict-aliasing -Wno-builtin-declaration-mismatch -MT gtest/zero_gtest-test_upgrades.o -MD -MP -MF gtest/.deps/zero_gtest-test_upgrades.Tpo -c -o gtest/zero_gtest-test_upgrades.o `test -f 'gtest/test_upgrades.cpp' || echo './'`gtest/test_upgrades.cpp
mv -f gtest/.deps/zero_gtest-test_upgrades.Tpo gtest/.deps/zero_gtest-test_upgrades.Po
/home/devl/Zero/depends/x86_64-unknown-linux-gnu/share/../native/bin/ccache g++ -m64 -std=c++11 -DHAVE_CONFIG_H -I. -I../src/config  -U_FORTIFY_SOURCE -D_FORTIFY_SOURCE=2 -DBINARY_OUTPUT -DCURVE_ALT_BN128 -DSTATIC -I. -I./obj  -pthread -I/home/devl/Zero/depends/x86_64-unknown-linux-gnu/share/../include -I./leveldb/include -I./leveldb/helpers/memenv -I/home/devl/Zero/depends/x86_64-unknown-linux-gnu/include  -I/home/devl/Zero/depends/x86_64-unknown-linux-gnu/include  -I./secp256k1/include -I./univalue/include -I/home/devl/Zero/depends/x86_64-unknown-linux-gnu/share/../include/  -DHAVE_BUILD_INFO -D__STDC_FORMAT_MACROS -DPTHREAD_STACK_MIN=16384  -Wformat -Wformat-security -Wstack-protector -fstack-protector-all  -Wno-deprecated-declarations -Wno-nonnull -fPIE -pipe -O1 -g -fwrapv -fno-strict-aliasing -Wno-builtin-declaration-mismatch -MT gtest/zero_gtest-test_validation.o -MD -MP -MF gtest/.deps/zero_gtest-test_validation.Tpo -c -o gtest/zero_gtest-test_validation.o `test -f 'gtest/test_validation.cpp' || echo './'`gtest/test_validation.cpp
mv -f gtest/.deps/zero_gtest-test_validation.Tpo gtest/.deps/zero_gtest-test_validation.Po
/home/devl/Zero/depends/x86_64-unknown-linux-gnu/share/../native/bin/ccache g++ -m64 -std=c++11 -DHAVE_CONFIG_H -I. -I../src/config  -U_FORTIFY_SOURCE -D_FORTIFY_SOURCE=2 -DBINARY_OUTPUT -DCURVE_ALT_BN128 -DSTATIC -I. -I./obj  -pthread -I/home/devl/Zero/depends/x86_64-unknown-linux-gnu/share/../include -I./leveldb/include -I./leveldb/helpers/memenv -I/home/devl/Zero/depends/x86_64-unknown-linux-gnu/include  -I/home/devl/Zero/depends/x86_64-unknown-linux-gnu/include  -I./secp256k1/include -I./univalue/include -I/home/devl/Zero/depends/x86_64-unknown-linux-gnu/share/../include/  -DHAVE_BUILD_INFO -D__STDC_FORMAT_MACROS -DPTHREAD_STACK_MIN=16384  -Wformat -Wformat-security -Wstack-protector -fstack-protector-all  -Wno-deprecated-declarations -Wno-nonnull -fPIE -pipe -O1 -g -fwrapv -fno-strict-aliasing -Wno-builtin-declaration-mismatch -MT gtest/zero_gtest-test_txid.o -MD -MP -MF gtest/.deps/zero_gtest-test_txid.Tpo -c -o gtest/zero_gtest-test_txid.o `test -f 'gtest/test_txid.cpp' || echo './'`gtest/test_txid.cpp
mv -f gtest/.deps/zero_gtest-test_txid.Tpo gtest/.deps/zero_gtest-test_txid.Po
/home/devl/Zero/depends/x86_64-unknown-linux-gnu/share/../native/bin/ccache g++ -m64 -std=c++11 -DHAVE_CONFIG_H -I. -I../src/config  -U_FORTIFY_SOURCE -D_FORTIFY_SOURCE=2 -DBINARY_OUTPUT -DCURVE_ALT_BN128 -DSTATIC -I. -I./obj  -pthread -I/home/devl/Zero/depends/x86_64-unknown-linux-gnu/share/../include -I./leveldb/include -I./leveldb/helpers/memenv -I/home/devl/Zero/depends/x86_64-unknown-linux-gnu/include  -I/home/devl/Zero/depends/x86_64-unknown-linux-gnu/include  -I./secp256k1/include -I./univalue/include -I/home/devl/Zero/depends/x86_64-unknown-linux-gnu/share/../include/  -DHAVE_BUILD_INFO -D__STDC_FORMAT_MACROS -DPTHREAD_STACK_MIN=16384  -Wformat -Wformat-security -Wstack-protector -fstack-protector-all  -Wno-deprecated-declarations -Wno-nonnull -fPIE -pipe -O1 -g -fwrapv -fno-strict-aliasing -Wno-builtin-declaration-mismatch -MT gtest/zero_gtest-test_libzcash_utils.o -MD -MP -MF gtest/.deps/zero_gtest-test_libzcash_utils.Tpo -c -o gtest/zero_gtest-test_libzcash_utils.o `test -f 'gtest/test_libzcash_utils.cpp' || echo './'`gtest/test_libzcash_utils.cpp
mv -f gtest/.deps/zero_gtest-test_libzcash_utils.Tpo gtest/.deps/zero_gtest-test_libzcash_utils.Po
/home/devl/Zero/depends/x86_64-unknown-linux-gnu/share/../native/bin/ccache g++ -m64 -std=c++11 -DHAVE_CONFIG_H -I. -I../src/config  -U_FORTIFY_SOURCE -D_FORTIFY_SOURCE=2 -DBINARY_OUTPUT -DCURVE_ALT_BN128 -DSTATIC -I. -I./obj  -pthread -I/home/devl/Zero/depends/x86_64-unknown-linux-gnu/share/../include -I./leveldb/include -I./leveldb/helpers/memenv -I/home/devl/Zero/depends/x86_64-unknown-linux-gnu/include  -I/home/devl/Zero/depends/x86_64-unknown-linux-gnu/include  -I./secp256k1/include -I./univalue/include -I/home/devl/Zero/depends/x86_64-unknown-linux-gnu/share/../include/  -DHAVE_BUILD_INFO -D__STDC_FORMAT_MACROS -DPTHREAD_STACK_MIN=16384  -Wformat -Wformat-security -Wstack-protector -fstack-protector-all  -Wno-deprecated-declarations -Wno-nonnull -fPIE -pipe -O1 -g -fwrapv -fno-strict-aliasing -Wno-builtin-declaration-mismatch -MT gtest/zero_gtest-test_pedersen_hash.o -MD -MP -MF gtest/.deps/zero_gtest-test_pedersen_hash.Tpo -c -o gtest/zero_gtest-test_pedersen_hash.o `test -f 'gtest/test_pedersen_hash.cpp' || echo './'`gtest/test_pedersen_hash.cpp
mv -f gtest/.deps/zero_gtest-test_pedersen_hash.Tpo gtest/.deps/zero_gtest-test_pedersen_hash.Po
/home/devl/Zero/depends/x86_64-unknown-linux-gnu/share/../native/bin/ccache g++ -m64 -std=c++11 -DHAVE_CONFIG_H -I. -I../src/config  -U_FORTIFY_SOURCE -D_FORTIFY_SOURCE=2 -DBINARY_OUTPUT -DCURVE_ALT_BN128 -DSTATIC -I. -I./obj  -pthread -I/home/devl/Zero/depends/x86_64-unknown-linux-gnu/share/../include -I./leveldb/include -I./leveldb/helpers/memenv -I/home/devl/Zero/depends/x86_64-unknown-linux-gnu/include  -I/home/devl/Zero/depends/x86_64-unknown-linux-gnu/include  -I./secp256k1/include -I./univalue/include -I/home/devl/Zero/depends/x86_64-unknown-linux-gnu/share/../include/  -DHAVE_BUILD_INFO -D__STDC_FORMAT_MACROS -DPTHREAD_STACK_MIN=16384  -Wformat -Wformat-security -Wstack-protector -fstack-protector-all  -Wno-deprecated-declarations -Wno-nonnull -fPIE -pipe -O1 -g -fwrapv -fno-strict-aliasing -Wno-builtin-declaration-mismatch -MT gtest/zero_gtest-test_checkblock.o -MD -MP -MF gtest/.deps/zero_gtest-test_checkblock.Tpo -c -o gtest/zero_gtest-test_checkblock.o `test -f 'gtest/test_checkblock.cpp' || echo './'`gtest/test_checkblock.cpp
mv -f gtest/.deps/zero_gtest-test_checkblock.Tpo gtest/.deps/zero_gtest-test_checkblock.Po
/home/devl/Zero/depends/x86_64-unknown-linux-gnu/share/../native/bin/ccache g++ -m64 -std=c++11 -DHAVE_CONFIG_H -I. -I../src/config  -U_FORTIFY_SOURCE -D_FORTIFY_SOURCE=2 -DBINARY_OUTPUT -DCURVE_ALT_BN128 -DSTATIC -I. -I./obj  -pthread -I/home/devl/Zero/depends/x86_64-unknown-linux-gnu/share/../include -I./leveldb/include -I./leveldb/helpers/memenv -I/home/devl/Zero/depends/x86_64-unknown-linux-gnu/include  -I/home/devl/Zero/depends/x86_64-unknown-linux-gnu/include  -I./secp256k1/include -I./univalue/include -I/home/devl/Zero/depends/x86_64-unknown-linux-gnu/share/../include/  -DHAVE_BUILD_INFO -D__STDC_FORMAT_MACROS -DPTHREAD_STACK_MIN=16384  -Wformat -Wformat-security -Wstack-protector -fstack-protector-all  -Wno-deprecated-declarations -Wno-nonnull -fPIE -pipe -O1 -g -fwrapv -fno-strict-aliasing -Wno-builtin-declaration-mismatch -MT gtest/zero_gtest-test_zip32.o -MD -MP -MF gtest/.deps/zero_gtest-test_zip32.Tpo -c -o gtest/zero_gtest-test_zip32.o `test -f 'gtest/test_zip32.cpp' || echo './'`gtest/test_zip32.cpp
mv -f gtest/.deps/zero_gtest-test_zip32.Tpo gtest/.deps/zero_gtest-test_zip32.Po
/home/devl/Zero/depends/x86_64-unknown-linux-gnu/share/../native/bin/ccache g++ -m64 -std=c++11 -DHAVE_CONFIG_H -I. -I../src/config  -U_FORTIFY_SOURCE -D_FORTIFY_SOURCE=2 -DBINARY_OUTPUT -DCURVE_ALT_BN128 -DSTATIC -I. -I./obj  -pthread -I/home/devl/Zero/depends/x86_64-unknown-linux-gnu/share/../include -I./leveldb/include -I./leveldb/helpers/memenv -I/home/devl/Zero/depends/x86_64-unknown-linux-gnu/include  -I/home/devl/Zero/depends/x86_64-unknown-linux-gnu/include  -I./secp256k1/include -I./univalue/include -I/home/devl/Zero/depends/x86_64-unknown-linux-gnu/share/../include/  -DHAVE_BUILD_INFO -D__STDC_FORMAT_MACROS -DPTHREAD_STACK_MIN=16384  -Wformat -Wformat-security -Wstack-protector -fstack-protector-all  -Wno-deprecated-declarations -Wno-nonnull -fPIE -pipe -O1 -g -fwrapv -fno-strict-aliasing -Wno-builtin-declaration-mismatch -MT wallet/gtest/zero_gtest-test_paymentdisclosure.o -MD -MP -MF wallet/gtest/.deps/zero_gtest-test_paymentdisclosure.Tpo -c -o wallet/gtest/zero_gtest-test_paymentdisclosure.o `test -f 'wallet/gtest/test_paymentdisclosure.cpp' || echo './'`wallet/gtest/test_paymentdisclosure.cpp
mv -f wallet/gtest/.deps/zero_gtest-test_paymentdisclosure.Tpo wallet/gtest/.deps/zero_gtest-test_paymentdisclosure.Po
/home/devl/Zero/depends/x86_64-unknown-linux-gnu/share/../native/bin/ccache g++ -m64 -std=c++11 -DHAVE_CONFIG_H -I. -I../src/config  -U_FORTIFY_SOURCE -D_FORTIFY_SOURCE=2 -DBINARY_OUTPUT -DCURVE_ALT_BN128 -DSTATIC -I. -I./obj  -pthread -I/home/devl/Zero/depends/x86_64-unknown-linux-gnu/share/../include -I./leveldb/include -I./leveldb/helpers/memenv -I/home/devl/Zero/depends/x86_64-unknown-linux-gnu/include  -I/home/devl/Zero/depends/x86_64-unknown-linux-gnu/include  -I./secp256k1/include -I./univalue/include -I/home/devl/Zero/depends/x86_64-unknown-linux-gnu/share/../include/  -DHAVE_BUILD_INFO -D__STDC_FORMAT_MACROS -DPTHREAD_STACK_MIN=16384  -Wformat -Wformat-security -Wstack-protector -fstack-protector-all  -Wno-deprecated-declarations -Wno-nonnull -fPIE -pipe -O1 -g -fwrapv -fno-strict-aliasing -Wno-builtin-declaration-mismatch -MT wallet/gtest/zero_gtest-test_wallet.o -MD -MP -MF wallet/gtest/.deps/zero_gtest-test_wallet.Tpo -c -o wallet/gtest/zero_gtest-test_wallet.o `test -f 'wallet/gtest/test_wallet.cpp' || echo './'`wallet/gtest/test_wallet.cpp
mv -f wallet/gtest/.deps/zero_gtest-test_wallet.Tpo wallet/gtest/.deps/zero_gtest-test_wallet.Po
/bin/bash ../libtool  --tag=CXX   --mode=link /home/devl/Zero/depends/x86_64-unknown-linux-gnu/share/../native/bin/ccache g++ -m64 -std=c++11  -Wformat -Wformat-security -Wstack-protector -fstack-protector-all  -Wno-deprecated-declarations -Wno-nonnull -fPIE -pipe -O1 -g -fwrapv -fno-strict-aliasing -Wno-builtin-declaration-mismatch  -pthread   -Wl,-z,relro -Wl,-z,now -pie  -static -L/home/devl/Zero/depends/x86_64-unknown-linux-gnu/share/../lib  -o zero-gtest gtest/zero_gtest-main.o gtest/zero_gtest-utils.o gtest/zero_gtest-test_checktransaction.o gtest/zero_gtest-json_test_vectors.o gtest/zero_gtest-test_foundersreward.o wallet/gtest/zero_gtest-test_wallet_zkeys.o gtest/zero_gtest-test_tautology.o gtest/zero_gtest-test_deprecation.o gtest/zero_gtest-test_equihash.o gtest/zero_gtest-test_httprpc.o gtest/zero_gtest-test_joinsplit.o gtest/zero_gtest-test_keys.o gtest/zero_gtest-test_keystore.o gtest/zero_gtest-test_noteencryption.o gtest/zero_gtest-test_mempool.o gtest/zero_gtest-test_mempoollimit.o gtest/zero_gtest-test_merkletree.o gtest/zero_gtest-test_metrics.o gtest/zero_gtest-test_miner.o gtest/zero_gtest-test_pow.o gtest/zero_gtest-test_random.o gtest/zero_gtest-test_rpc.o gtest/zero_gtest-test_sapling_note.o gtest/zero_gtest-test_transaction.o gtest/zero_gtest-test_transaction_builder.o gtest/zero_gtest-test_upgrades.o gtest/zero_gtest-test_validation.o gtest/zero_gtest-test_txid.o gtest/zero_gtest-test_libzcash_utils.o gtest/zero_gtest-test_pedersen_hash.o gtest/zero_gtest-test_checkblock.o gtest/zero_gtest-test_zip32.o wallet/gtest/zero_gtest-test_paymentdisclosure.o wallet/gtest/zero_gtest-test_wallet.o -lgtest -lgmock libbitcoin_server.a libbitcoin_cli.a libbitcoin_common.a libbitcoin_util.a crypto/libbitcoin_crypto.a univalue/libunivalue.la ./leveldb/libleveldb.a ./leveldb/libmemenv.a -L/home/devl/Zero/depends/x86_64-unknown-linux-gnu/share/../lib -lboost_system -lboost_filesystem -lboost_program_options -lboost_thread -lboost_chrono -lboost_unit_test_framework secp256k1/libsecp256k1.la libbitcoin_zmq.a -L/home/devl/Zero/depends/x86_64-unknown-linux-gnu/lib -lzmq -lstdc++ -lpthread -lrt  libbitcoin_wallet.a  -ldb_cxx-6.2 -L/home/devl/Zero/depends/x86_64-unknown-linux-gnu/lib -lssl -L/home/devl/Zero/depends/x86_64-unknown-linux-gnu/lib -lcrypto -ldl -pthread  -L/home/devl/Zero/depends/x86_64-unknown-linux-gnu/lib -lcrypto -ldl -pthread  -L/home/devl/Zero/depends/x86_64-unknown-linux-gnu/lib -levent_pthreads -levent  -L/home/devl/Zero/depends/x86_64-unknown-linux-gnu/lib -levent  libzcash.a -lboost_system -lcrypto -lsodium -lrustzcash -ldl  
libtool: link: /home/devl/Zero/depends/x86_64-unknown-linux-gnu/share/../native/bin/ccache g++ -m64 -std=c++11 -Wformat -Wformat-security -Wstack-protector -fstack-protector-all -Wno-deprecated-declarations -Wno-nonnull -fPIE -pipe -O1 -g -fwrapv -fno-strict-aliasing -Wno-builtin-declaration-mismatch -Wl,-z -Wl,relro -Wl,-z -Wl,now -pie -o zero-gtest gtest/zero_gtest-main.o gtest/zero_gtest-utils.o gtest/zero_gtest-test_checktransaction.o gtest/zero_gtest-json_test_vectors.o gtest/zero_gtest-test_foundersreward.o wallet/gtest/zero_gtest-test_wallet_zkeys.o gtest/zero_gtest-test_tautology.o gtest/zero_gtest-test_deprecation.o gtest/zero_gtest-test_equihash.o gtest/zero_gtest-test_httprpc.o gtest/zero_gtest-test_joinsplit.o gtest/zero_gtest-test_keys.o gtest/zero_gtest-test_keystore.o gtest/zero_gtest-test_noteencryption.o gtest/zero_gtest-test_mempool.o gtest/zero_gtest-test_mempoollimit.o gtest/zero_gtest-test_merkletree.o gtest/zero_gtest-test_metrics.o gtest/zero_gtest-test_miner.o gtest/zero_gtest-test_pow.o gtest/zero_gtest-test_random.o gtest/zero_gtest-test_rpc.o gtest/zero_gtest-test_sapling_note.o gtest/zero_gtest-test_transaction.o gtest/zero_gtest-test_transaction_builder.o gtest/zero_gtest-test_upgrades.o gtest/zero_gtest-test_validation.o gtest/zero_gtest-test_txid.o gtest/zero_gtest-test_libzcash_utils.o gtest/zero_gtest-test_pedersen_hash.o gtest/zero_gtest-test_checkblock.o gtest/zero_gtest-test_zip32.o wallet/gtest/zero_gtest-test_paymentdisclosure.o wallet/gtest/zero_gtest-test_wallet.o  -L/home/devl/Zero/depends/x86_64-unknown-linux-gnu/share/../lib -lgtest -lgmock libbitcoin_server.a libbitcoin_cli.a libbitcoin_common.a libbitcoin_util.a crypto/libbitcoin_crypto.a univalue/.libs/libunivalue.a ./leveldb/libleveldb.a ./leveldb/libmemenv.a -lboost_filesystem -lboost_program_options -lboost_thread -lboost_chrono -lboost_unit_test_framework secp256k1/.libs/libsecp256k1.a libbitcoin_zmq.a -L/home/devl/Zero/depends/x86_64-unknown-linux-gnu/lib /home/devl/Zero/depends/x86_64-unknown-linux-gnu/lib/libzmq.a -lstdc++ -lpthread -lrt libbitcoin_wallet.a -ldb_cxx-6.2 -lssl /home/devl/Zero/depends/x86_64-unknown-linux-gnu/lib/libevent_pthreads.a /home/devl/Zero/depends/x86_64-unknown-linux-gnu/lib/libevent.a libzcash.a -lboost_system -lcrypto /home/devl/Zero/depends/x86_64-unknown-linux-gnu/lib/libsodium.a -lrustzcash -ldl -pthread
make[2]: Leaving directory '/home/devl/Zero/src'
make[1]: Leaving directory '/home/devl/Zero/src'
Making all in doc/man
make[1]: Entering directory '/home/devl/Zero/doc/man'
make[1]: Nothing to be done for 'all'.
make[1]: Leaving directory '/home/devl/Zero/doc/man'
make[1]: Entering directory '/home/devl/Zero'
make[1]: Nothing to be done for 'all-am'.
make[1]: Leaving directory '/home/devl/Zero'
